"conversation_id_str","created_at","favorite_count","full_text","id_str","image_url","in_reply_to_screen_name","lang","location","quote_count","reply_count","retweet_count","tweet_url","user_id_str","username"
"1803661634419958087","Thu Jun 20 05:30:18 +0000 2024","4","ùó•ùó®ùóîùó°ùóö ùóüùóúùó°ùóöùóûùó®ùó£ ùóûùóúùó†ùóúùóî [ Materi Kimia Kelas X Kurikulum Merdeka ] #studytwt #ambisverse https://t.co/v9DXDIS3ig","1803661634419958087","https://pbs.twimg.com/media/GQfksgeaIAM4Zi5.jpg","","in","UGM","1","2","3","https://x.com/diluarencana/status/1803661634419958087","1703293824926457856","diluarencana"
"1802663616409383237","Mon Jun 17 11:24:32 +0000 2024","2866","LIST MATERI KELAS 12 KURIKULUM MERDEKA SEMESTER 1 &amp; 2 A Thread by @k___ale #studytwt #ambisverse https://t.co/cyziJ1ovPW","1802663616409383237","https://pbs.twimg.com/media/GQRZAFXbQAA4lVY.jpg","","et","25'","43","85","1048","https://x.com/k___ale/status/1802663616409383237","1472513834229252096","k___ale"
"1802935765674205192","Tue Jun 18 05:25:58 +0000 2024","681"," .. eksponen dan logaritma kelas 10 kurikulum merdeka! a sincerely-made thread by @thouvere ft #studytwt. ^___^ https://t.co/GOqVogR2Ju","1802935765674205192","https://pbs.twimg.com/media/GQVQhiWa0AAEl6b.jpg","","in","intp, she/her! ü•£","4","14","190","https://x.com/thouvere/status/1802935765674205192","1790378972775059456","thouvere"
"1803459416660066476","Wed Jun 19 16:06:46 +0000 2024","0","15 Contoh Soal UTS Essay Bahasa Indonesia Kelas 4 SD Semester 2 Kurikulum Merdeka dan Kunci Jawaban https://t.co/zETqMXlCjD https://t.co/6dR2OQ6SBH","1803459416660066476","https://pbs.twimg.com/media/GQcsyHWaIAQTvtS.jpg","","in","","0","0","0","https://x.com/kabpelalawan1/status/1803459416660066476","1185524025319051264","kabpelalawan1"
"1803357519584088475","Wed Jun 19 09:21:52 +0000 2024","41","LIST MATERI &amp; CATATAN KELAS 11 KURIKULUM MERDEKA (KURMER) ‚Äç - a thread by @serinshi - #ambistwt #studyacc #kelas11 #kurmer https://t.co/qrkUQlJ7dg","1803357519584088475","https://pbs.twimg.com/media/GQbQGzSawAAPK4B.jpg","","et","18 | intj | 25","1","3","23","https://x.com/serinshi/status/1803357519584088475","1399995897652531203","serinshi"
"1803677540772680030","Thu Jun 20 06:33:31 +0000 2024","0","Program Semester (Promes/Prosem) PAI dan Budi Pekerti Kelas 2 SD Fase A Kurikulum Merdeka #prosemkelas2 #promeskelas2 #prosempaidanbudipekerti #promespaidanbudipekerti #promeskurikulummerdeka #prosemkurikulummerdeka https://t.co/M5tDplqhGZ","1803677540772680030","","","in","","0","0","0","https://x.com/abdierablog/status/1803677540772680030","1760637346700218368","abdierablog"
"1803677507922641321","Thu Jun 20 06:33:23 +0000 2024","0","Program Semester (Promes/Prosem) PAI dan Budi Pekerti Kelas 2 SD Fase A Kurikulum Merdeka #prosemkelas2 #promeskelas2 #prosempaidanbudipekerti #promespaidanbudipekerti #promeskurikulummerdeka #prosemkurikulummerdeka https://t.co/M5tDplpJRr","1803677507922641321","","","in","","0","0","0","https://x.com/abdierablog/status/1803677507922641321","1760637346700218368","abdierablog"
"1803459369394434311","Wed Jun 19 16:06:34 +0000 2024","0","Contoh Soal Essay UTS Bahasa Indonesia Kelas 2 SD Semester 1 Ganjil Kurikulum Merdeka-Kunci Jawaban https://t.co/zwdURorGcR https://t.co/UjOLis9bdo","1803459369394434311","https://pbs.twimg.com/media/GQcsvW3aIAEb058.jpg","","in","","0","0","0","https://x.com/kabpelalawan1/status/1803459369394434311","1185524025319051264","kabpelalawan1"
"1803459411886891486","Wed Jun 19 16:06:45 +0000 2024","0","25 Contoh Soal UTS Bahasa Indonesia Kelas 4 SD Semester 1 Ganjil Kurikulum Merdeka dan Kunci Jawaban https://t.co/6Q31qMhJmh https://t.co/pkqIQkyyFl","1803459411886891486","https://pbs.twimg.com/media/GQcsx1PaIAI6Jx3.jpg","","in","","0","0","0","https://x.com/kabpelalawan1/status/1803459411886891486","1185524025319051264","kabpelalawan1"
"1799306442912174523","Sat Jun 08 05:04:20 +0000 2024","491","List materi kelas 12 kurikulum merdeka Sumber : Buku Kemendikbud https://t.co/5AtQ7UEjqk","1799306442912174523","https://pbs.twimg.com/media/GPhrqPZaQAAREj5.jpg","","in","di mana ya aku","30","18","231","https://x.com/xobrlnaa/status/1799306442912174523","1597958754037030912","xobrlnaa"
"1802569048968060966","Mon Jun 17 05:08:46 +0000 2024","9","Materi Kurikulum Merdeka kelas 12 A thread : https://t.co/rmisZXEnip","1802569048968060966","https://pbs.twimg.com/media/GQQC_hsboAANAiZ.jpg","","in","she/her 18","1","1","1","https://x.com/araverenia/status/1802569048968060966","1606779600692195329","araverenia"
"1803644692199780729","Thu Jun 20 04:22:59 +0000 2024","0","wts buku paket kurikulum merdeka ( isinya latsol ) kelas 11 semester 2 20k/each gaada coretan sama sekali udah disampulin semua dm yaa https://t.co/aJIiXwb2FM","1803644692199780729","https://pbs.twimg.com/media/GQfVRA6aIAElvJE.jpg","","in","she/her","1","0","0","https://x.com/kiedullt/status/1803644692199780729","1577225410576015360","kiedullt"
"1803459394396651539","Wed Jun 19 16:06:40 +0000 2024","0","15 Contoh Soal Isian dan Essay UTS Bahasa Indonesia Kelas 2 SD Semester 2 Genap Kurikulum Merdeka https://t.co/VAyh8A56PP https://t.co/cFQxnNEi7n","1803459394396651539","https://pbs.twimg.com/media/GQcswz7aIAAGtkg.jpg","","in","","0","0","0","https://x.com/kabpelalawan1/status/1803459394396651539","1185524025319051264","kabpelalawan1"
"1803648242967781734","Thu Jun 20 04:37:05 +0000 2024","0","BISAKAH Siswa Tidak Naik Kelas Saat Ini? Dalam Penerapan Sistem Kurikulum Merdeka https://t.co/s2RRRtpEHI https://t.co/lIGUQe56ad","1803648242967781734","https://pbs.twimg.com/media/GQfYhOlaIAE-Ufe.jpg","","in","Kalimantan Barat","0","0","0","https://x.com/InfoIndoPilihan/status/1803648242967781734","316207760","InfoIndoPilihan"
"1802271349752451518","Sun Jun 16 09:25:49 +0000 2024","5","Fisipol ini fakultas gagal Sebenarnya ide relaksasi kurikulum 50% wajib 50% merdeka ini adl terobosan &amp; bisa jd simpang jalan terutama buat mereka2 yg belum yakin dg pilihannya &amp; merasa salah jurusan https://t.co/M2B0KuQYUT","1802271349752451518","https://pbs.twimg.com/ext_tw_video_thumb/1802271290914639872/pu/img/PMvooSTGOsAeMbzc.jpg","","in","","1","0","0","https://x.com/sholehth/status/1802271349752451518","413693691","sholehth"
"1803619604201349350","Thu Jun 20 02:43:17 +0000 2024","0","Telah Terbit Judul: Kurikulum Merdeka (Implementasi dan Pengaplikasian) Penulis: Muh Husyain Rifai M.Pd. dkk. Halaman : viii + 187 halaman Ukuran: 15 5 x 23 cm ISBN: 978-623-8486-80-9 https://t.co/5W0Fth1XYT","1803619604201349350","https://pbs.twimg.com/media/GQe-d2yawAA-KPZ.jpg","","in","Daerah Istimewa Yogyakarta","0","0","0","https://x.com/selat_media/status/1803619604201349350","1582590377722535938","selat_media"
"1800430394896154760","Tue Jun 11 07:30:31 +0000 2024","12","P5 adalah salah satu matpel yang ada di kurikulum merdeka awalnya sih mau protes ngapain ada matpel ini kan udah ada PKN. Ternyata tujuannya utk menanamkan nilai2 pancasila utk diterapkan dikehidupan sehari2. Persatuan seringkali dipinggirkan jika kepentingan di kedepankan. https://t.co/bsOQiLxmG7","1800430394896154760","https://pbs.twimg.com/ext_tw_video_thumb/1800430299668705280/pu/img/PRWl4vZIhU9HQ76U.jpg","","in","","0","0","2","https://x.com/are_inismyname/status/1800430394896154760","1152447574411902977","are_inismyname"
"1803639807480045765","Thu Jun 20 04:03:34 +0000 2024","6","Bocah yang kreatif sesuai tujuan kurikulum merdeka. Mengembangkan minat dan bakat sesuai kompetensinya berbasis project. Kalau gak ada bukti konkret project cuma dianggap rekayasa.","1803639807480045765","","","in","DKI Djakarta","0","0","2","https://x.com/SangGuru2471/status/1803639807480045765","728949641421553665","SangGuru2471"
"1801994449893130488","Sat Jun 15 15:05:30 +0000 2024","1","fak tugas proyek fak kurikulum merdeka gw ga merdeka bbiiii https://t.co/fIaEpgHPtX","1801994449893130488","https://pbs.twimg.com/media/GQH4ZtWaQAAEWYk.jpg","","in","Meikarta","0","1","0","https://x.com/HaidarYumna/status/1801994449893130488","1006823981096341505","HaidarYumna"
"1801066992759414949","Thu Jun 13 02:08:26 +0000 2024","326"," Lulusan Kurikulum Merdeka punya skor UTBK yang lebih tinggi https://t.co/BLEYqfcyCO","1801074117208424560","https://pbs.twimg.com/media/GP6y6JPbwAAjor8.jpg","nfjuara","in","Kampus Impian","297","6","14","https://x.com/nfjuara/status/1801074117208424560","1273156736745160704","nfjuara"
"1762485879673585842","Tue Feb 27 14:32:33 +0000 2024","36508"," ini serius kurikulum merdeka mau di ganti lagi??apalah dunia ini https://t.co/SycJRZMFay","1762485879673585842","https://pbs.twimg.com/media/GHWbj78XwAAVGeI.jpg","","in","Indonesia","5297","3561","2654","https://x.com/tanyarlfes/status/1762485879673585842","1371650588","tanyarlfes"
"1803629596073394196","Thu Jun 20 03:23:00 +0000 2024","0","#terpopuler Berikut ini kumpulan contoh catatan wali kelas di rapor kurikulum merdeka untuk kenaikan kelas di tingkat SD SMP hingga SMA. Baca selengkapnya di sini! https://t.co/hMbZ5y9q5Q","1803629596073394196","","","in","","0","0","0","https://x.com/detikcom/status/1803629596073394196","69183155","detikcom"
"1801066992759414949","Thu Jun 13 02:34:36 +0000 2024","222","Hasil UTBK Sekolah Kurikulum Merdeka LEBIH TINGGI dari yang lain https://t.co/s7UJYkNXGF","1801080701753913495","https://pbs.twimg.com/media/GP65PnvasAA7yXi.jpg","nfjuara","in","Kampus Impian","69","4","8","https://x.com/nfjuara/status/1801080701753913495","1273156736745160704","nfjuara"
"1801581715909185768","Fri Jun 14 11:45:27 +0000 2024","8","Temen-temen yang kelas 12 ada yang mau buku paket kurikulum merdeka ngga?? ini aku baru download dari web resmi kemdikbud dan udah kurapihin di gdrive. Kalau mau rep twitt ini yaaa #studytwt https://t.co/6i2eWGhdBC","1801581715909185768","https://pbs.twimg.com/media/GQCBBeYaAAAopKD.jpg","","in","suka coding soon","0","22","2","https://x.com/studiedalotncry/status/1801581715909185768","1260797120346329088","studiedalotncry"
"1801904473906008113","Sat Jun 15 09:07:59 +0000 2024","3","Kurikulum Merdeka: Proyek Penguatan Profil Pelajar Pancasila üáÆüá© https://t.co/3VNPTIsuW6","1801904473906008113","https://pbs.twimg.com/media/GQGmjtRbEAAwDeK.jpg","","in","","0","0","0","https://x.com/soma_cemeng/status/1801904473906008113","1378938829457911808","soma_cemeng"
"1799715955318366690","Sun Jun 09 08:11:35 +0000 2024","85","Ada kris di Mapel sejarah peminatan kelompok IPS kelas XI kurikulum 2013. Kompetensi Dasar 3.12/4.12. Dalam kurikulum merdeka ditiadakan/dihapus. Setelah geger kita buka ke publik diadakan kmbali namanya mapel sejarah tingkat lanjut lewat permendikbudristek 12/2024. Apakah https://t.co/tAY3xmXI1i","1799715955318366690","https://pbs.twimg.com/media/GPngHWEbQAAmUGT.jpg","","in","","3","5","27","https://x.com/zanatul_91/status/1799715955318366690","88120377","zanatul_91"
"1803636319584985127","Thu Jun 20 03:49:43 +0000 2024","0","WTS Buku Erlangga Kelas 11 ‚ÄºÔ∏è ‚≠êÔ∏è Kondisi: Mulus 100% seperti baru tanpa ada coretan ‚≠êÔ∏è Bisa kirim via shopee (gratis ongkir) ‚≠êÔ∏è Boleh nego Matematika 55k Matematika Tingkat Lanjut 95k Kimia 95k Fisika 120k Take All 350k t. Preloved murah Kurikulum merdeka kurmer https://t.co/7QmaY5w2t4","1803636319584985127","https://pbs.twimg.com/media/GQfNq-_aIAM3Sh6.jpg","","in","","0","0","0","https://x.com/thnystudy/status/1803636319584985127","1673178620209299456","thnystudy"
"1801708170307584275","Fri Jun 14 20:07:56 +0000 2024","3","Kurikulum Merdeka https://t.co/14DiAhX5yD","1801708170307584275","https://pbs.twimg.com/media/GQD0CEPbEAEE5o8.jpg","","in","Bagelen, Indonesia","0","0","1","https://x.com/helmi_stbd/status/1801708170307584275","1142046433681395712","helmi_stbd"
"1803636278023655605","Thu Jun 20 03:49:33 +0000 2024","0","WTS Buku Erlangga Kelas 10 ‚ÄºÔ∏è ‚≠êÔ∏è Kondisi: Mulus 100% seperti baru tanpa ada coretan ‚≠êÔ∏è Bisa kirim via shopee (gratis ongkir) ‚≠êÔ∏è Boleh nego Matematika 90k Kimia 40k Fisika 40k Take All 160k t. Rekomendasi Preloved murah Kurikulum merdeka kurmer https://t.co/13z9tZ0pkF","1803636278023655605","https://pbs.twimg.com/media/GQfNohEbwAAFcvc.jpg","","in","","0","0","0","https://x.com/thnystudy/status/1803636278023655605","1673178620209299456","thnystudy"
"1802983545381822738","Tue Jun 18 08:35:49 +0000 2024","7","Teruntuk Bapak / Ibu Guru dimana pun berada simak yuk rekomendasi dari MinEdu mengenai contoh kegiatan P5 yang sederhana dengan tema Gaya Hidup Berkelanjutan . Selengkapnya mari kita cek grafis di atas ya ‚¨ÜÔ∏è #P5 #MerdekaBelajar #KurikulumMerdeka https://t.co/Il3yrAkj86","1802983545381822738","https://pbs.twimg.com/media/GQV7-BJasAAjgda.jpg","","in","","0","1","1","https://x.com/educology_id/status/1802983545381822738","1112818225","educology_id"
"1801406284950082046","Fri Jun 14 01:18:47 +0000 2024","11","@5teV3n_Pe9eL Kurikulum Merdeka Nadiem membuat seseorang menjadi Bahlul. https://t.co/Inp2LF9Deb","1801424010171007461","https://pbs.twimg.com/media/GP_xlw9bEAAiPDL.jpg","5teV3n_Pe9eL","in","Denpasar - Jakarta","0","0","2","https://x.com/MartaArdy/status/1801424010171007461","1290137626234634240","MartaArdy"
"1801833019159855234","Sat Jun 15 04:24:02 +0000 2024","0","Workshop Pendidikan (Hadapi Tantangan Kurikulum Merdeka dengan Pelatihan Merancang Desain P5) 14 21 Juni 2024 @ Zoom &amp; Youtube Pukul : 14.00 WIB Selesai Gratis! Untuk Umum CP : 0877 8458 6502 https://t.co/QIyVJIyran","1801833019159855234","https://pbs.twimg.com/media/GQFllJPWoAAl4VE.jpg","","in","Malang","0","0","0","https://x.com/eventmalang/status/1801833019159855234","344615137","eventmalang"
"1798172891663761491","Wed Jun 05 02:00:00 +0000 2024","2","Buku Phintar Matematika untuk SD/MI disusun¬†berdasarkan capaian pembelajaran setiap fase dalam Kurikulum Merdeka. #MilikiIlmunya https://t.co/LlX2Ax5SaI","1798172891663761491","https://pbs.twimg.com/media/GPMpWEYaYAAXr_N.jpg","","in","Jakarta","0","0","1","https://x.com/BukuERLANGGA/status/1798172891663761491","166829340","BukuERLANGGA"
"1799248670560546926","Sat Jun 08 01:14:46 +0000 2024","38","Di kurikulum 2013 Materi Limit diajarkan di kelas 11 di kurikulum merdeka diajarkan di kelas 12. Seorang kakak kelas 11 yg naik ke kelas 12 memanfaatkan 2x90 menit waktunya dlm seminggu dari 10.080 menit dalam seminggu untuk start belajar materi limit lebih dahulu. MathCamp https://t.co/ZFgdc9UpaG","1799248670560546926","https://pbs.twimg.com/media/GPg3H7xa4AALwNX.jpg","","in","Indonesia","1","3","28","https://x.com/MathGyver4U/status/1799248670560546926","1362947134199238658","MathGyver4U"
"1803106124780151253","Tue Jun 18 16:42:54 +0000 2024","2","yang mau joki buat tugas tugas pendidikan seperti LKPD modul ajar kurikulum merdeka RPP bahan ajar instrumen pembeljaran sini aku bisa bangett yu langsg kerjain juga bisa langsung wassap di bio untuk fastres dan full payment di akhirr #jokitugas #joki #zonauang https://t.co/Vyt3MPvH9W","1803106124780151253","https://pbs.twimg.com/media/GQXrdMJbgAAI19-.jpg","","in","Makassar, Indonesia","0","0","0","https://x.com/magpidx/status/1803106124780151253","1451981105289068546","magpidx"
"1803560225229906049","Wed Jun 19 22:47:20 +0000 2024","1","Gue ngerasa kurikulum di Indo jamanan erlangga itu bagus banget. Even tulisan banyak tapi dari sana gue belajar banyak kosa kata exercise selalu diulang dan relate gitu.dibanding era kurikulum merdeka dgn sistem tema 1-sekian tapi anak¬≤ kaya belajar tp kurang bahan ajar.","1803560225229906049","","","in","Seoul, Republic of Korea","0","0","1","https://x.com/keenperky/status/1803560225229906049","1163395585870708736","keenperky"
"1801602432524501237","Fri Jun 14 13:07:46 +0000 2024","3","Jik ntas mbahas lulusan luar negeri aplikasi nang Indonesia kok sliwer iki @adiharyoutomo Ya ini penerapan kurikulum merdeka yg sebenarnya.","1801602432524501237","","","in","Malang, Jawa Timur","0","2","0","https://x.com/mikedianasasi/status/1801602432524501237","228998350","mikedianasasi"
"1800079119105114468","Mon Jun 10 08:14:40 +0000 2024","19","#SahabatEdu siapa nih yang masih bingung dengan asesmen di Kurikulum Merdeka? #KurikulumMerdeka #MerdekaBelajar #PembelajaranBerkualitasBagiSemua #LanjutkanMerdekaBelajar https://t.co/28Q4woxwmD","1800079119105114468","https://pbs.twimg.com/media/GPsqaTKaAAAtLln.jpg","","in","","0","1","7","https://x.com/educology_id/status/1800079119105114468","1112818225","educology_id"
"1772736132574228958","Tue Mar 26 21:23:24 +0000 2024","25153","kurikulum merdeka adalah kurikulum TERGAJELAS. Anak kelas 1 SD disuruh bikin prakarya dan dijual trus itung untung ruginya. Permisi anak gua masih ndusel ke leher gua kalo mau tidur disuruh nyari laba hasil jual gantungan kunci ","1772736132574228958","","","in","","962","327","4379","https://x.com/VindhTR/status/1772736132574228958","340284696","VindhTR"
"1801255103464456469","Thu Jun 13 14:07:37 +0000 2024","1","Sekolah kok tambah ruwet.. Kurikulum.merdeka .. Kurikulum semrawut.. sabar lee.. Pakai full day.. ngeneki ora iso muleh sore.. Layangan.. Zaman anak sekarang. @daR4_ra anakmu gremeng bae @dyahNeZza https://t.co/KtI4uDz8wx","1801255103464456469","https://pbs.twimg.com/ext_tw_video_thumb/1801255056383295488/pu/img/NjMmWvne-ymQmzkm.jpg","","in","Gambir, Indonesia","0","1","1","https://x.com/Irjenmaheswara/status/1801255103464456469","1533794160674996224","Irjenmaheswara"
"1801709494323528143","Fri Jun 14 20:13:12 +0000 2024","0","Tips Mengembangkan Silabus Kurikulum Merdeka https://t.co/B9tTgGeqkf https://t.co/sxjBqzJNlI","1801709494323528143","https://pbs.twimg.com/media/GQD1PNVaQAE28c2.png","","in","Ngayogyakarta Hadiningrat","0","0","0","https://x.com/anotherorion/status/1801709494323528143","60607763","anotherorion"
"1802614596605489198","Mon Jun 17 08:09:45 +0000 2024","0","Kunci Jawaban Bahasa Indonesia Kelas 9 SMP Kurikulum Merdeka Laporan Analisis Poster Halaman 137 https://t.co/9Zi7GvEXRr https://t.co/Bq27x9ktDV","1802614596605489198","https://pbs.twimg.com/media/GQQsbFDbMAAdfo1.jpg","","in","","0","0","0","https://x.com/ttataanita_/status/1802614596605489198","2995840951","ttataanita_"
"1803418287973277870","Wed Jun 19 13:23:20 +0000 2024","0","pas tk ikutan les sempoa juga gini berbulan¬≤ beneran cuma basicnya doang. bukunya ada mini quiz nya gitu jadi beneran khatam sama angka dulu. gak langsung 20+15 . dan soal kurikulum tuh bener apalagi kurikulum merdeka nih kacau. adekku sampe gak ngerti dia belajar apa aja ","1803418287973277870","","","in","‚òÅÔ∏è asterum .ñ•î ›Å Àñ   ‚ú¶ ‚Äß‚ÇäÀö ‚ãÖ","0","1","1","https://x.com/jeillyfxsh/status/1803418287973277870","1415184625714880512","jeillyfxsh"
"1801470635899527328","Fri Jun 14 04:24:03 +0000 2024","0","Workshop Pendidikan (Hadapi Tantangan Kurikulum Merdeka dengan Pelatihan Merancang Desain P5) 14 21 Juni 2024 @ Zoom &amp; Youtube Pukul : 14.00 WIB Selesai Gratis! Untuk Umum CP : 0877 8458 6502 https://t.co/3Yt26yKwRb","1801470635899527328","https://pbs.twimg.com/media/GQAb_pSWgAA8Ow-.jpg","","in","Malang","0","0","0","https://x.com/eventmalang/status/1801470635899527328","344615137","eventmalang"
"1803028924940828772","Tue Jun 18 11:36:09 +0000 2024","19","HIII im chilo! im not new in #studytwt but im lking for more study friends ((esp for my akt 25 ‚Äç‚Üî)) get to know me ‚ÄçÔ∏èÔºü 07L | 11th grade | kurikulum merdeka love books music &amp; beauty! please or ‚Üª if u wanna be moots [#studytwt #AMBISVERSE #studyacc ]","1803028924940828772","","","en","she/her","0","19","8","https://x.com/prettieschilo/status/1803028924940828772","1484501386632974341","prettieschilo"
"1803634735337689380","Thu Jun 20 03:43:25 +0000 2024","0","Penerapan kurikulum merdeka udah TaRL udah Pembelajaran berdiferensiasi juga udah. CRT juga udah. Tapi kok pas evaluasi akhir tahun tetep ada ranking si gimana ceritanya? Katanya kuda sama ikan hebat dengan caranya masing¬≤ wk. Mau misuh tapi ya gmn kulturnya begitu.","1803634735337689380","","","in","","0","2","0","https://x.com/yaampunipp/status/1803634735337689380","1233707659108290560","yaampunipp"
"1801108245962002582","Thu Jun 13 04:24:03 +0000 2024","1","Workshop Pendidikan (Hadapi Tantangan Kurikulum Merdeka dengan Pelatihan Merancang Desain P5) 14 21 Juni 2024 @ Zoom &amp; Youtube Pukul : 14.00 WIB Selesai Gratis! Untuk Umum CP : 0877 8458 6502 https://t.co/TV8yGzZ9Nq","1801108245962002582","https://pbs.twimg.com/media/GP7SZxkWQAAHYbN.jpg","","in","Malang","0","0","0","https://x.com/eventmalang/status/1801108245962002582","344615137","eventmalang"
"1801119963576762678","Thu Jun 13 05:10:37 +0000 2024","0","PKBM Primago Siap Implementasikan Kurikulum Merdeka Setelah Mengikuti Bimtek - https://t.co/WuDM68HsQL https://t.co/WZrSwzu1MN","1801119963576762678","https://pbs.twimg.com/media/GP7dD5AbkAA6se6.jpg","","in","Indonesia","0","0","0","https://x.com/gontornews/status/1801119963576762678","214805603","gontornews"
"1802351392381919465","Sun Jun 16 14:43:52 +0000 2024","6","POV menarik mungkin kurikulum Merdeka adalah jawaban pragmatis Dari Banyaknya lulusan sarjana yg kerjanya Gak linear dengan jurusannya","1802351392381919465","","","in","","0","0","2","https://x.com/ardi_tama1/status/1802351392381919465","382641814","ardi_tama1"
"1801427596695191568","Fri Jun 14 01:33:02 +0000 2024","8"," catatan materi kelas 10 kurikulum merdeka ~a thread~ by @candylianthan","1801427596695191568","","","in","heaven","0","1","0","https://x.com/candylianthan/status/1801427596695191568","1288756650162049024","candylianthan"
"1803378115236032727","Wed Jun 19 10:43:42 +0000 2024","5","akhirnya sampe rumah perkara kurikulum merdeka yang raport nya ribet bgt jadi lama pulang. sehat-sehat kalian guru-guru semuanya ","1803378115236032727","","","in","Medan","0","0","0","https://x.com/ruang_falkoncol/status/1803378115236032727","1319627705575325697","ruang_falkoncol"
"1801082969081405948","Thu Jun 13 03:14:29 +0000 2024","25","Rerata Skor UTBK Penerima Berdasarkan Program dan Hasil UTBK Sekolah dengan Kurikulum Merdeka https://t.co/Q337wTwydl","1801090737012121897","https://pbs.twimg.com/media/GP7BnFsbsAAz_Ps.jpg","AmbisBareng","in","ambisbareng21@gmail.com","1","1","0","https://x.com/AmbisBareng/status/1801090737012121897","1395378418410164231","AmbisBareng"
"1796413933810798795","Fri May 31 05:30:32 +0000 2024","1"," Selamat siang! Sender masih mencari responden untuk mengisi kuisioner. Kriteria: Guru Bahasa Inggris SD yang pernah mengajar dengan Kurikulum 2013 dan Kurikulum Merdeka. Kalau ada Bapak/Ibu guru yang berkenan boleh reply yaa. Nanti sender DM! Terima kasih. https://t.co/BnU9BjEp5E","1796413933810798795","https://pbs.twimg.com/media/GO4k84BasAA6o8a.jpg","","in","Indonesia","0","0","0","https://x.com/tanyakanrl/status/1796413933810798795","1331650559518990336","tanyakanrl"
"1797906898471248360","Tue Jun 04 08:23:02 +0000 2024","0","TELAH TERBIT! ESPS MATEMATIKA SD/MI KELAS 6 KURIKULUM MERDEKA 002-510-075-0 | Rp103.000 https://t.co/kJStk98hKR Keunggulan Produk: Materi berisi pengetahuan yang disusun berdasarkan Capaian Pembelajaran. @BukuERLANGGA https://t.co/tveASfOK7Q","1797906898471248360","https://pbs.twimg.com/media/GPNyxJ5bcAAMpYj.jpg","","in","Jakarta","0","0","0","https://x.com/bukabuku/status/1797906898471248360","48312615","bukabuku"
"1801600297183383989","Fri Jun 14 12:59:17 +0000 2024","0","Kurikulum Merdeka: Harapan Baru untuk Pendidikan Indonesia | Harian Momentum https://t.co/4azDabdzMX","1801600297183383989","","","in","","0","0","1","https://x.com/Nizarkuntara/status/1801600297183383989","1892853804","Nizarkuntara"
"1744635814422974508","Tue Jan 09 08:22:46 +0000 2024","1","TELAH TERBIT! INFORMATIKA SD/MI KELAS 3 KURIKULUM MERDEKA 002-004-015-0 | Rp71.000 https://t.co/6DbUZL0Kgq","1744635814422974508","https://pbs.twimg.com/media/GDYw0FDbkAAMVr9.jpg","","in","Jakarta","0","0","0","https://x.com/bukabuku/status/1744635814422974508","48312615","bukabuku"
"1803339420151455920","Wed Jun 19 08:09:56 +0000 2024","0","MENDORONG MULTIKULTURALISME DI SEKOLAH-SEKOLAH INDONESIA MENUJU KURIKULUM MERDEKA: TANTANGAN DAN STRATEGI UNTUK PENDIDIKAN INKLUSIF https://t.co/zNRr0xCVKN","1803339420151455920","","","in","","0","0","0","https://x.com/PsyArXiv_bot_v2/status/1803339420151455920","1642968317223641088","PsyArXiv_bot_v2"
"1800323709804388733","Tue Jun 11 00:26:35 +0000 2024","0","Hari Ini SD Muh. 1 Ketelan Solo Wisuda 130 Siswa Lulusan Kurikulum Merdeka https://t.co/uCRHdBZEnG https://t.co/AvCX4O7Riz","1800323709804388733","https://pbs.twimg.com/media/GPwI39QbAAAQ07V.jpg","","in","Solo, Central Java, Indonesia","0","0","0","https://x.com/soloposdotcom/status/1800323709804388733","155169715","soloposdotcom"
"1801871260147925219","Sat Jun 15 06:56:00 +0000 2024","0","Nah betul Anak anak usia sekolah dpt guru yg ke LN itu pasti bikin motivasi anak beda. Iya makin bnyk yg dr luar kembali ke akar rumput itu pelan2 ubah gaya lama guru2 mrk akan belajar berubah. Umumnya guru2 kita apalg negeri daerah ga siap dg kurikulum merdeka","1801871260147925219","","","in","Jakarta BSD","0","1","1","https://x.com/DewiTuwuh/status/1801871260147925219","45100171","DewiTuwuh"
"1799043421212221696","Fri Jun 07 11:39:10 +0000 2024","0","Kepala dan Guru PAUD di Bireuen Ikuti Advokasi Pelaksanaan Kurikulum Merdeka https://t.co/ddLf2SDHRx https://t.co/5Y9cTvbhfN","1799043421212221696","https://pbs.twimg.com/media/GPd8dWEasAE7l1n.jpg","","in","Aceh","0","0","0","https://x.com/thenanggroe/status/1799043421212221696","248014373","thenanggroe"
"1796519682083795330","Fri May 31 12:30:44 +0000 2024","1","Selamat atas diraihnya penghargaan Apresiasi Pemerintah Daerah dengan Jumlah PTK Terbanyak Aktif Memanfaatkan PMM pada Festival Kurikulum Merdeka tahun 2024 oleh Dinas Pendidikan Kota Bandung https://t.co/6EFxdIxRUK","1796519682083795330","https://pbs.twimg.com/media/GO6FIERbQAAtvQi.jpg","","in","Bandung","0","1","0","https://x.com/halo_bandung/status/1796519682083795330","1933882213","halo_bandung"
"1802542739181162986","Mon Jun 17 03:24:13 +0000 2024","0","Kunci Jawaban Bahasa Inggris Kelas 9 SMP Halaman 40 Kurikulum Merdeka Section 5 Worksheet 1.6 https://t.co/HPSUTjdRv7 https://t.co/1JF8j6svce","1802542739181162986","https://pbs.twimg.com/media/GQPrEb3bUAAIAzI.jpg","","in","Sumatera Selatan","0","0","0","https://x.com/GiloPalembang/status/1802542739181162986","2981198370","GiloPalembang"
"1803417459703292282","Wed Jun 19 13:20:02 +0000 2024","1","kalo disini pake kurikulum merdeka alias anak sd disuruh belajar sendiri kalo gabisa gurunya tinggal marahin","1803417459703292282","","","in","Indonesia","0","0","0","https://x.com/masabersiapp/status/1803417459703292282","1188648460666322945","masabersiapp"
"1800564669397991763","Tue Jun 11 16:24:04 +0000 2024","1","Workshop Pendidikan (Hadapi Tantangan Kurikulum Merdeka dengan Pelatihan Merancang Desain P5) 14 21 Juni 2024 @ Zoom &amp; Youtube Pukul : 14.00 WIB Selesai Gratis! Untuk Umum CP : 0877 8458 6502 https://t.co/f8gEFznDOu","1800564669397991763","https://pbs.twimg.com/media/GPzkBZPWkAAFlZl.jpg","","in","Malang","0","0","1","https://x.com/eventmalang/status/1800564669397991763","344615137","eventmalang"
"1776103470518653077","Fri Apr 05 04:24:00 +0000 2024","0","TELAH TERBIT! PENDIDIKAN LINGKUNGAN DAN BUDAYA JAKARTA (PLBJ) KELAS 3 KURIKULUM MERDEKA 002-306-019-0 | Rp86.000 Dapatkan Diskon Khusus disini &gt;&gt; https://t.co/OAFaaz6HPY https://t.co/toQI26HXRh","1776103470518653077","https://pbs.twimg.com/media/GKX8sNbagAE0B28.jpg","","in","Jakarta","0","0","0","https://x.com/bukabuku/status/1776103470518653077","48312615","bukabuku"
"1780069929812930577","Tue Apr 16 03:05:18 +0000 2024","1","Kurikulum Merdeka: Transformasi Pendidikan menuju Generasi Tangguh dan Berkarakter: Pendidikan sebagai landasan utama dalam membentuk generasi yang tangguh dan berkarakter. Dalam konteks ini Kurikulum Merdeka telah menjadi perbincangan hangat di https://t.co/el0Ojomnny https://t.co/lcDSls6ln7","1780069929812930577","https://pbs.twimg.com/media/GLQUKwLa8AApAwQ.jpg","","in","Pulo Gadung, Indonesia","0","0","1","https://x.com/tvOneNews/status/1780069929812930577","55507370","tvOneNews"
"1760214679048380634","Wed Feb 21 08:07:37 +0000 2024","1","TELAH TERBIT! LULUS PENILAIAN PENDIDIKAN AGAMA ISLAM DAN BUDI PEKERTI SMK KELAS 11 KURIKULUM MERDEKA 005-297-026-0 | Rp175.000 Diskon Khusus 30% &gt;&gt; https://t.co/U80cgH44nC @BukuERLANGGA https://t.co/f6dHc8eELJ","1760214679048380634","https://pbs.twimg.com/media/GG2J4fZbsAAo-Ia.jpg","","in","Jakarta","0","0","0","https://x.com/bukabuku/status/1760214679048380634","48312615","bukabuku"
"1768175572851753006","Thu Mar 14 07:21:22 +0000 2024","0","TELAH TERBIT! SEMANGAT MENDALAMI BAHASA ARAB MTS KELAS VIII Kurikulum Merdeka 010-492-020-0 | Rp105.000 Dapatkan Diskon 30% hanya di &gt;&gt; https://t.co/f81JN7QkBV https://t.co/BXI66XgSwT","1768175572851753006","https://pbs.twimg.com/media/GInSTvjbYAA_oKd.jpg","","in","Jakarta","0","0","0","https://x.com/bukabuku/status/1768175572851753006","48312615","bukabuku"
"1803271784260837638","Wed Jun 19 03:41:11 +0000 2024","0","Pelatihan Guru Intensif untuk Kurikulum Merdeka https://t.co/bi8T3OlO0Q #TempoIndonesiana","1803271784260837638","","","in","Jakarta","0","0","0","https://x.com/indonesiana/status/1803271784260837638","250555040","indonesiana"
"1790929820051816709","Thu May 16 02:18:37 +0000 2024","0","Sekretaris Direktorat Jenderal Guru dan Tenaga Kependidikan Kemendikbudristek Temu Ismail mengungkapkan saat ini sudah ada 300 ribu lebih sekolah di Indonesia yang menerapkan kurikulum merdeka belajar. #IDNTimesNews https://t.co/mweAWtNdvy https://t.co/8pk8JrXPWW","1790929820051816709","https://pbs.twimg.com/media/GNqoEsnakAAq6Hu.jpg","","in","","0","0","0","https://x.com/IDNTimes/status/1790929820051816709","388190238","IDNTimes"
"1800748293104017459","Wed Jun 12 04:33:44 +0000 2024","13","#SahabatEdu simak yuk penjelasan Kepala BSKAP Anindito Aditomo terkait Kemendikbudristek yang terus berkomitmen untuk mendampingi satuan PAUD dalam meningkatkan kualitas layanan PAUD yang berkelanjutan. #RaporPendidikan #MerdekaBelajar #KurikulumMerdeka #PAUD https://t.co/U7Ddn9EKuO","1800748293104017459","https://pbs.twimg.com/ext_tw_video_thumb/1800748256428998656/pu/img/T8HA5KY_r5qwvQSx.jpg","","in","","0","1","2","https://x.com/educology_id/status/1800748293104017459","1112818225","educology_id"
"1776104772409704746","Fri Apr 05 04:29:10 +0000 2024","0","TELAH TERBIT! BUPENA MERDEKA SD/MI JL.6A KURIKULUM MERDEKA 002-371-398-0 | Rp94.000 Dapatkan Diskon Khsus hanya di&gt;&gt; https://t.co/SF6YRR2NLb @klubbuku @bukuerlangga https://t.co/47THxK03Th","1776104772409704746","https://pbs.twimg.com/media/GKX92uZacAAJwAU.jpg","","in","Jakarta","0","0","0","https://x.com/bukabuku/status/1776104772409704746","48312615","bukabuku"
"1781534175432212808","Sat Apr 20 04:03:41 +0000 2024","0","TELAH TERBIT! PRINSIP DASAR DESAIN DAN KOMUNIKASI KONSENTRASI KEAHLIAN DESAIN KOMUNIKASI VISUAL SMK/MAK KELAS 11 KURIKULUM MERDEKA 005-760-013-0 | Rp84.000 Dapatkan Diskon Khusus member &gt;&gt; https://t.co/2Bx3QK8jZH @bukuerlangga @KlubBuku https://t.co/tjOrno1aZ9","1781534175432212808","https://pbs.twimg.com/media/GLlH41gbAAAphAC.jpg","","in","Jakarta","0","0","0","https://x.com/bukabuku/status/1781534175432212808","48312615","bukabuku"
"1769924731158094243","Tue Mar 19 03:11:54 +0000 2024","0","TELAH TERBIT! UP5 (UNJUK P5) KEBEKERJAAN SMK/MAK KELAS 11 KURIKULUM MERDEKA 005-370-011-0 | Rp50.000 Dapatkan Diskon Khusus member bukabuku https://t.co/bIzfO2fHTl @BukuERLANGGA @KlubBuku https://t.co/lSTwdMbPWS","1769924731158094243","https://pbs.twimg.com/media/GJAJDFoboAEPN7z.jpg","","in","Jakarta","0","0","0","https://x.com/bukabuku/status/1769924731158094243","48312615","bukabuku"
"1767790415674216484","Wed Mar 13 05:50:53 +0000 2024","0","TELAH TERBIT! INFORMATIKA SD/MI KELAS 6 KURIKULUM MERDEKA (Soft Cover) oleh HINDRASWARI ENGGAR DWIPENI Dapatkan Diskon khusus 30% &gt;&gt; https://t.co/VDpicslSMf @bukuerlangga @klubbuku https://t.co/sD22Wpcndp","1767790415674216484","https://pbs.twimg.com/media/GIhz-m_bwAAKTmK.jpg","","in","Jakarta","0","0","0","https://x.com/bukabuku/status/1767790415674216484","48312615","bukabuku"
"1798406930559299905","Wed Jun 05 17:29:59 +0000 2024","256","Kenapa nggak kurikulum merdeka ya? Kasian juga Mas Menteri udah bikin bukannya dipromosiin ","1798406930559299905","","","in","Yogyakarta, Indonesia","2","3","66","https://x.com/nabiylarisfa/status/1798406930559299905","37574084","nabiylarisfa"
"1802217251325833532","Sun Jun 16 17:05:45 +0000 2024","13","@rizkishahab @Outstandjing Kurikulum merdeka mah malah enak di guru/dosennya sayy muridnya makin tolol wkwkwkw","1802387098810655171","","rizkishahab","in","","4","7","0","https://x.com/jundipakendand/status/1802387098810655171","1194824879700205569","jundipakendand"
"1798389646428430401","Wed Jun 05 16:21:18 +0000 2024","6132","Pak Menteri susah payah bikin Kurikulum Merdeka sampai anak SMA udah diajarin statistika inferensial H0 dan H1. Yang dipake: kurikulum Cambridge.","1798389646428430401","","","in","Michuhol-gu, Republic of Korea","96","126","1417","https://x.com/ardisatriawan/status/1798389646428430401","170542374","ardisatriawan"
"1801968791397749199","Sat Jun 15 13:23:33 +0000 2024","27","bs ga si kebijakan utbk tahun depan diumumin sekarang ini??? jujur ak trauma dikasi info dadakan ditambah kepikiran soalnya tahun depan anak anak kurikulum merdeka ALIAS BEDA MA KITA KITA","1801968791397749199","","","in","","0","10","1","https://x.com/aiuiuiuii/status/1801968791397749199","1726782148500402176","aiuiuiuii"
"1795096987995394101","Mon May 27 14:17:27 +0000 2024","0","#SobatBBPMP Jabar sudah siap memeriahkan Festival Kurikulum Merdeka? Opening Ceremony Festival Kurikulum Merdeka akan ditayangkan live di kanal YouTube BBPMP Jawa Barat pada: Hari/Tanggal: Kamis 30 Mei 2024 Waktu: 19.30 s.d selesai Tautan: https://t.co/PT2NUYctug https://t.co/TDs5AYYepF","1795096987995394101","https://pbs.twimg.com/media/GOl3MSSboAAQ_fa.jpg","","in","Jawa Barat, Indonesia","0","0","0","https://x.com/BBPMP_Jabar/status/1795096987995394101","803251250217136128","BBPMP_Jabar"
"1798305636054384866","Wed Jun 05 10:47:29 +0000 2024","637","Aduh udah jumpalitan bikin banyak festival untuk kurikulum merdeka pak Jokowi malah pake kurikulum lain. Apakah bapak tidak percaya kurikulum merdeka diterapkan di IKN?","1798305636054384866","","","in","","18","31","205","https://x.com/zanatul_91/status/1798305636054384866","88120377","zanatul_91"
"1801545688817549765","Fri Jun 14 09:22:17 +0000 2024","0","Kunci Jawaban Bahasa Indonesia Kelas 8 SMP Halaman 7 Kurikulum Merdeka Kalimat Objektif Subjektif https://t.co/m8Yv1h37NK","1801545688817549765","","","in","","0","0","0","https://x.com/ceritapalembang/status/1801545688817549765","1085759870","ceritapalembang"
"1802217251325833532","Sun Jun 16 09:33:27 +0000 2024","49","@sierralphaa @Outstandjing Akibat kurikulum merdeka sekolah gak boleh gak naikin siswa. Kalau ga dinaikin LSM bertindak. Sekolah jg hrs mau menerima siswa dr semua latar belakang sekolah dituntut jd inklusif. Akibatnya siswa2 spt itu bisa masuk lewat jalur zonasi. Siswa yg bagus2 jadi kelempar.","1802273271364436111","","sierralphaa","in","Planet Earth","0","1","4","https://x.com/redmatoki__/status/1802273271364436111","868266972","redmatoki__"
"1801073707152285940","Thu Jun 13 02:06:48 +0000 2024","37","kurikulum merdeka bakal mendapatkan skor yg lebih tinggi daripada k13 ","1801073707152285940","","","in","UGM","13","18","3","https://x.com/jikrostudy/status/1801073707152285940","1510189798929334275","jikrostudy"
"1801161811766751233","Thu Jun 13 07:56:54 +0000 2024","0","TUKARKAN KARTU SNBT-MU DAN DAPATKAN BENEFITNYA! UKRIDA hadir sebagai salah satu PTS berkualitas dengan menerapkan kurikulum Merdeka Belajar Kampus Merdeka (MBKM) yang memungkinkanmu belajar bersama dosen maupun teman-teman dari berbagai negara. https://t.co/JeE2AxQ5ny","1801161811766751233","https://pbs.twimg.com/media/GP8DHlDaYAAS8i8.jpg","","in","Jakarta","0","1","0","https://x.com/UKRIDA/status/1801161811766751233","190177759","UKRIDA"
"1801596363849011210","Fri Jun 14 12:43:39 +0000 2024","1","kalau kurikulum merdeka itu rata-rata nilai yang dipake buat snbp dari semester 3 4 5 atau tetep pake 5 semester?","1801596363849011210","","","in","","0","4","0","https://x.com/amkasaaa/status/1801596363849011210","1711264977498341376","amkasaaa"
"1802217251325833532","Sun Jun 16 14:13:16 +0000 2024","173","@Outstandjing Apakah dengan adanya kurikulum merdeka dapat mengatasi permasalahan ini?","1802343689785905300","","Outstandjing","in","","13","36","2","https://x.com/rizkishahab/status/1802343689785905300","955753823229718529","rizkishahab"
"1801906030793920905","Sat Jun 15 09:14:10 +0000 2024","0","materi turunan sama limit itu di kurikulum merdeka masuknya ke matlan kelas 12 yaa?","1801906030793920905","","","in","he/him","0","8","0","https://x.com/mosesptn/status/1801906030793920905","1730242718016700416","mosesptn"
"1802866845281878268","Tue Jun 18 00:52:06 +0000 2024","0","Tantangan dalam Penerapan Kurikulum Merdeka secara Serentak https://t.co/JkxYxtdcmQ #TempoIndonesiana","1802866845281878268","","","in","Jakarta","0","0","0","https://x.com/indonesiana/status/1802866845281878268","250555040","indonesiana"
"1803015515809694092","Tue Jun 18 13:59:32 +0000 2024","39","@fzzrss Seharusnya tetep ngga ada ngga sih soalnya kan udh kurikulum merdeka udh ngga ada IPA IPS di SMA","1803065012228907061","","fzzrss","in","‚∏ôÕé€™€´ goes by she/her ","0","0","1","https://x.com/rezeeloav/status/1803065012228907061","1358567502062620672","rezeeloav"
"1803498699685072974","Wed Jun 19 19:01:04 +0000 2024","3","@sbmptnfess Loh kurikulum merdeka masih ada jurusan ips dan IPA? ku kira udh dihapus jurusan IPA dan IPS","1803503282306031925","","sbmptnfess","in","Republic Of Indonesia ","0","3","0","https://x.com/firman__nurhuda/status/1803503282306031925","1424573456029347840","firman__nurhuda"
"1801859687987691920","Sat Jun 15 06:10:01 +0000 2024","1","moots mapel kurikulum merdeka buat kelas 10 apa aja yaa??","1801859687987691920","","","in","","0","3","0","https://x.com/bunnynaiii/status/1801859687987691920","1432669794986127361","bunnynaiii"
"1802217251325833532","Sun Jun 16 16:09:52 +0000 2024","42","@rizkishahab @Outstandjing kurikulum merdeka cuma memberi kebebasan belajar buat siswa dan guru. jadi fleksible gitu lah.. tapi kayaknya gak bisa menyelesaikan masalah yang ada sih ...","1802373034487275808","","rizkishahab","in","sindu","0","0","0","https://x.com/hewentbananas/status/1802373034487275808","1604249568233000960","hewentbananas"
"1800492961358340109","Tue Jun 11 11:39:08 +0000 2024","0","Muatan Pembelajaran PAUD Hingga SMA Diatur dalam Kurikulum Merdeka https://t.co/adPQXVUnXo https://t.co/U0TBeikfA0","1800492961358340109","https://pbs.twimg.com/media/GPyizY3aMAA9ylu.jpg","","in","Medan","0","0","0","https://x.com/sibnewsnetwork/status/1800492961358340109","2208471464","sibnewsnetwork"
"1796038645578932588","Thu May 30 04:39:16 +0000 2024","31","Wakil Ketua Perkumpulan Nusantara Utama Cita (NU Circle) Ahmad Rizali mengingatkan Mendikbudristek Nadiem Makarim agar tak menyebarkan adegan seksualitas di lingkungan sekolah. Menurut dia dalam program Sastra Masuk Kurikulum pendukung Kurikulum Merdeka. Adegan cabul yang https://t.co/PiCB7NaYv1","1796038645578932588","https://pbs.twimg.com/ext_tw_video_thumb/1796038602390179840/pu/img/aYjFXp-7MN2J9evc.jpg","","in","Jakarta, Indonesia","3","6","21","https://x.com/republikaonline/status/1796038645578932588","22126902","republikaonline"
"1675871749894983682","Mon Jul 03 14:18:56 +0000 2023","13976","1. UN yg pelan2 diperbaiki kualitas soal &amp; tujuan asesmennya untuk pemetaan malah dipretelin. 2. Zonasi berantakan bikin anak2 ga sekolah. 3.AKM &amp; Kurikulum merdeka implementasinya bikin sulit guru. 4. SNBT ujian mata pelajaran hilang. Dosa Jokowi paling akbar itu Nadiem.","1675871749894983682","","","in","Milky way, Sol, Earth, Cinere","1088","317","2831","https://x.com/kamentrader/status/1675871749894983682","75786723","kamentrader"
"1803366460309250147","Wed Jun 19 09:57:23 +0000 2024","0","LPPM UNIMED Berikan Pelatihan Kepada Kelompok Kerja Guru (KKG) SD Dalam Menyusun Perangkat Pembelajaran Kurikulum Merdeka Wilayah Pancur Batu https://t.co/3gViYdAyHk","1803366460309250147","","","in","","0","0","0","https://x.com/UnimedOfficial/status/1803366460309250147","523148913","UnimedOfficial"
"1801545665165852834","Fri Jun 14 09:22:12 +0000 2024","0","Kunci Jawaban Bahasa Indonesia Kelas 8 SMP Halaman 5 Kurikulum Merdeka Berlatih Informasi Teks https://t.co/VVQDpLqL7V","1801545665165852834","","","in","","0","0","0","https://x.com/ceritapalembang/status/1801545665165852834","1085759870","ceritapalembang"
"1803082780475105426","Wed Jun 19 12:15:41 +0000 2024","8","@einedame Kebalikan kurikulum indo. Apalagi kurikulum merdeka ini kacau balau. Ada guru-guru yang entah bingung apa gimana anak kelas 1 udah diajari perkalian pembagian. Kelas 2 udah perkalian bersusun dua angka. Lihat di buku keluaran mendikbud materi itu gak ada semua.","1803401265231306783","","einedame","in","","0","1","3","https://x.com/sigmalova/status/1803401265231306783","757340155","sigmalova"
"1802648432315875416","Mon Jun 17 10:24:12 +0000 2024","4","haii every1 o‚Å†(‚Å†(‚Å†*‚Å†^‚Å†‚ñΩ‚Å†^‚Å†*‚Å†)‚Å†)‚Å†o !! Perkenalkan aku Dinda 07L ang. 25!! ^^ Let's be moots (‚Å†‚Å†‚Äø‚Å†‚Å†) ‚Üí 12th grade (to be) ‚Üí kurmer based [kurikulum merdeka] ‚Üí pengejar PTN ‚Üí kpopers &amp; kinda wibu (myb) ‚Üí feel free to ask any questions jbjb etc. #studytwt","1802648432315875416","","","in","In Chenle's heart ‚ô°","0","6","3","https://x.com/nndaluvvr/status/1802648432315875416","1248753634881368064","nndaluvvr"
"1798521447960506665","Thu Jun 06 01:05:02 +0000 2024","15","Yang saya sayangkan beginian di posting langsung sama Presiden. Ini sekolah Negeri atau Swasta sih? Terus kalau ada anak Indonesia sekolah sana bayar tidak? Paling bingung kok gak pakai Kurikulum Merdeka saja yang penuh kebanggaan disorot dunia? (Katanya)","1798521447960506665","","","in","","0","1","5","https://x.com/AlfianBahri47/status/1798521447960506665","1517199457238274048","AlfianBahri47"
"1801136686380040210","Thu Jun 13 09:45:45 +0000 2024","14","@k___ale Adik manis justru dengan adanya kurikulum merdeka dan udah berlaku secara nasional malah gak bakal ada TKA","1801189205382701394","","k___ale","in","","0","2","0","https://x.com/inicapungg/status/1801189205382701394","409232301","inicapungg"
"1803398310813901251","Wed Jun 19 12:03:57 +0000 2024","1","Mau ga aku bikinin thread materi kelas 10 buat SMA/MA but berdasarkan sekolah dan buku paket kurikulum merdeka? Yay or nay?","1803398310813901251","","","in","","0","1","0","https://x.com/Oseanngyu/status/1803398310813901251","1537660629930344448","Oseanngyu"
"1803418257761697846","Thu Jun 20 03:37:41 +0000 2024","2","@seruanhl Kurikulum merdeka : Mengembangkan bakat minat siswa sesuai dengan kompetensinya. Peluang karier : dari muka kuning sampai Las Vegas","1803633290857030084","","seruanhl","in","DKI Djakarta","0","0","2","https://x.com/SangGuru2471/status/1803633290857030084","728949641421553665","SangGuru2471"
"1802484587978973469","Sun Jun 16 23:33:08 +0000 2024","1","HALO kakak-kakak angkatan 24 ada yang udah kurikulum merdeka gak ya waktu SMA nya MAU tanya sistem eligible di kurikulum merdeka itu sama aja kayak pas k13 yang masih ipa/ips atau gimana ya?","1802484587978973469","","","in","she/her ","0","2","0","https://x.com/alestudiey/status/1802484587978973469","1402606383963406343","alestudiey"
"1803292162014191806","Wed Jun 19 05:02:09 +0000 2024","0","Kenapa SNBT Rata-Rata Siswa Kurikulum Merdeka Jauh Lebih Tinggi Dibandingkan dengan Kurikulum Lain? https://t.co/XcsQPjFAEz","1803292162014191806","","","in","Jakarta","0","0","0","https://x.com/okezonenews/status/1803292162014191806","47274731","okezonenews"
"1798892327093887479","Fri Jun 07 01:38:47 +0000 2024","1","kira kira kita bakal diminta duit apalagi yagesya? udah gituuu... pake kurikulum cambridge. kenapa pak? ga caya ya sama kurikulum merdeka? jelek ya? wkwkwkwkwkwkwkwkwkwkwkwk mending nontonin komeng daripada liatin bapak ini fafifu wasweswos","1798892327093887479","","","in","25","0","4","0","https://x.com/teokjinni/status/1798892327093887479","1547163057943908352","teokjinni"
"1801427723627470849","Fri Jun 14 01:33:32 +0000 2024","0","SMAN 2 Amlapura menggelar workshop review (evaluasi) pelaksanaan kurikulum merdeka dan penguatan kompetensi guru dalam pembelajaran. Kegiatan ini sekaligus untuk menyongsong tahun ajaran 2024-2025.https://t.co/XHRl0wi0aJ","1801427723627470849","","","in","Denpasar, Bali","0","0","0","https://x.com/nusabalicom/status/1801427723627470849","2655442453","nusabalicom"
"1801492977728295078","Fri Jun 14 05:52:50 +0000 2024","0","Tersedia Contoh CATATAN Proses Rapor P5 saat Proses Pembelajaran Kurikulum Merdeka untuk SD Kelas 1 2 3 4 5 dan 6 #P5 #rapor #KurikulumMerdeka #SD https://t.co/kk9JzYkbg1","1801492977728295078","","","in","Yogyakarta","0","0","0","https://x.com/berita_diy/status/1801492977728295078","1287642738683342848","berita_diy"
"1801898460490399954","Sat Jun 15 08:44:05 +0000 2024","0","Pertarungan Argumen dan Keputusan Sulit: Nasib Siswa di Tengah Kenaikan Kelas Kurikulum Merdeka https://t.co/8tR7vJ1X7F","1801898460490399954","","","in","Indonesia","0","0","0","https://x.com/kompasiana/status/1801898460490399954","23786106","kompasiana"
"1801500718899281989","Fri Jun 14 06:23:36 +0000 2024","0","20 Latihan Soal PLBJ Kelas 1 SD Bab 1 Kurikulum Merdeka Lengkap dengan Kunci Jawaban Hompimpa https://t.co/tq9o4kBst6","1801500718899281989","","","in","","0","0","0","https://x.com/ceritapalembang/status/1801500718899281989","1085759870","ceritapalembang"
"1801238783503036533","Thu Jun 13 13:02:46 +0000 2024","2","Teman-teman doakan aku bisa dapet paket yang aku mau untuk fase F kurikulum merdeka yaa . Ya Allah aku mau jadi dokter dan scientist . Mohon doanya ya teman-teman besok pagi warr . #studytwt #School","1801238783503036533","","","in","Yogyakarta, Indonesia","0","1","0","https://x.com/revenclawgurl/status/1801238783503036533","1775402528584429568","revenclawgurl"
"1801330331880198413","Thu Jun 13 19:06:32 +0000 2024","0","penasaran bedanya kurikulum merdeka dan non kurikulum merdeka ini apa banyakan yang lolos pakai kumer","1801330331880198413","","","in","","0","0","0","https://x.com/otodanarz/status/1801330331880198413","1415801163987886080","otodanarz"
"1801073818712363244","Thu Jun 13 02:07:15 +0000 2024","0","wow katanya lulusan kurikulum merdeka mendapatkan skor yang lebih tinggi dibandingkan lulusan dari kurikulum yang lain ","1801073818712363244","","","in","personal acc ","1","2","0","https://x.com/otwfhui/status/1801073818712363244","1504263606011297793","otwfhui"
"1798777110791901530","Thu Jun 06 18:00:57 +0000 2024","4","Ga mau pake kurikulum merdeka? Kualitas dunia? Hmmm Cetak anak bangsa yg unggul kok dipetak2an apakabar daerah 3T ‚ÄçÔ∏è","1798777110791901530","","","in","Jakarta Capital Region, Indonesia","0","0","2","https://x.com/tattiannadegas/status/1798777110791901530","1428491436953989125","tattiannadegas"
"1801545683473994010","Fri Jun 14 09:22:16 +0000 2024","0","15 Latihan Soal PLBJ Kelas 1 SD BAB 3 Kurikulum Merdeka Lengkap Kunci Jawaban Membuat Rante Rante https://t.co/bORHcxn4kJ","1801545683473994010","","","in","","0","0","0","https://x.com/ceritapalembang/status/1801545683473994010","1085759870","ceritapalembang"
"1802217251325833532","Mon Jun 17 06:52:29 +0000 2024","5","@rizkishahab @Outstandjing Pernah denger waktu itu anggota DPR Komisi X bilang kalo sekarang kurikulum merdeka udh mirip2 sama yg ada di Finlandia cuman tinggal gimana gurunya mengajar aja mau gak buat berubah? Banyak oknum gua cuman masuk kelas duduk nyuruh kerjain soal Udeh. Wkwkwk","1802595150419710075","","rizkishahab","in","","0","0","0","https://x.com/homwrxcker/status/1802595150419710075","631351106","homwrxcker"
"1800791034714308675","Wed Jun 12 07:23:34 +0000 2024","0","Fungsi Prinsip dan Komponen Kurikulum Satuan Pendidikan https://t.co/Rfwv57rzco","1800791034714308675","","","in","","0","0","0","https://x.com/andhani51/status/1800791034714308675","1594958762040733697","andhani51"
"1800757500779913551","Wed Jun 12 05:10:19 +0000 2024","6","Rek! Di Cari Tutor Les Privat Kelas : SMA kelas 10 Mapel : Siap semua mapel Kurikulum : Merdeka Alamat : Dian Istana Wiyung Hari &amp; Jam : - bisa didikusikan Durasi : 90 (cont)","1800757500779913551","","","in","Surabaya","0","3","0","https://x.com/unesa_fess/status/1800757500779913551","1650147576577134592","unesa_fess"
"1801083453968118049","Thu Jun 13 02:45:32 +0000 2024","2","yaallah maksudnya ini kurikulum merdeka dapet nilai yang lebih terjamin ya dibanding k13 dll? hhh pls bgt mw nangis kenapa tahun ini banyak banget perubahan yang di luar ekspektasi aku cuma mau akhirin masa gapyear dan jd maba psikologi jalur snbt tahun ini ya Allah","1801083453968118049","","","in","","0","0","0","https://x.com/xiaaxiaoyu/status/1801083453968118049","1311173454834532354","xiaaxiaoyu"
"1798284895447663020","Wed Jun 05 09:25:04 +0000 2024","335","Inilah jika sebuah negara besar seperti Indonesia dipimpin kepala negara yang tak punya kepala bermodal ilusi optis dalam kemasaan citra bermental inlander dan tampak tak terdidik dengan baik. Kembrat Cambridge ndasmu ! Kurikulum Merdeka ? Ke laut aja . . Ternyata https://t.co/ptqfGoqKiU","1798284895447663020","https://pbs.twimg.com/media/GPTKlOBboAAjEiR.jpg","","in","Wherever you're not lookin'","5","24","89","https://x.com/__AnakKolong/status/1798284895447663020","1159689173340585984","__AnakKolong"
"1801914814283051500","Sat Jun 15 09:49:04 +0000 2024","2","alo guys ada kah yg bisa buat modul ajar matematika kurikulum merdeka buat sma?? drop pl yaahhh #zonauang","1801914814283051500","","","in","she/her","0","8","0","https://x.com/mrvuiii/status/1801914814283051500","1272143417804419073","mrvuiii"
"1798308405926592862","Wed Jun 05 10:58:29 +0000 2024","3","Kurikulum merdeka ga kepake nih? Wkwkwkw","1798308405926592862","","","in","Singapore","0","0","4","https://x.com/rajaminyak_oil/status/1798308405926592862","112722944","rajaminyak_oil"
"1800988641503645817","Wed Jun 12 20:28:47 +0000 2024","0","serius deh kurikulum merdeka ini PUSING banget anjrit kurtilas aja tuh udah engap aku.. pas liat materi merdeka adek aku ini SESAK NAFAS MUAL PENING KUNANG KUNANG","1800988641503645817","","","in","","1","0","0","https://x.com/venusonyou/status/1800988641503645817","1642426581862989830","venusonyou"
"1800722674060054678","Wed Jun 12 04:46:22 +0000 2024","28","@barbieburuh Dasar pendidikan sekolah di LN adalah project analisa kritis berpikir menulis diskusi kemudian presentasi. Ini keliatan di kurikulum cambridge atau IB. Kur merdeka sebenernya mengadaptasi kurikulum tsb. Walaupun skr banyak dihujat tp pak Nadiem on the right track","1800751475016249405","","barbieburuh","in","West Java, Indonesia","2","1","6","https://x.com/7lemon_melon7/status/1800751475016249405","248580137","7lemon_melon7"
"1801379228715467140","Thu Jun 13 22:20:50 +0000 2024","0","Kurikulum Merdeka Diterapkan P5 di MIM Banyudono https://t.co/oNkApVQBnT","1801379228715467140","","","in","Boyolali, Indonesia","0","0","0","https://x.com/intermedianews_/status/1801379228715467140","2615592656","intermedianews_"
"1799719689284919341","Sun Jun 09 08:26:25 +0000 2024","0","kurikulum merdeka tuh bener2 merdeka bgt kah muridnya?? tiap w tanya murid lesku slalu jwbannya gatau td gurunya cmn nyuruh baca2 sendiri trus kerjain sendiri kukira muridku yg ga prnh dengerin gurunya tp sodaraku yg jg ngelesin di lampung ngeluh hal yang sama ..","1799719689284919341","","","in","personal | i dont read dms","0","3","0","https://x.com/kineons/status/1799719689284919341","786065297010810880","kineons"
"1800124075626647629","Mon Jun 10 11:13:18 +0000 2024","0","Eh serius dulu tu aku nyimpen SMA kurikulum merdeka(?) gitu pokoknya kok hilang yahh adikku sedang bimbang dahal dan aku ketinggalan info soal jelasnya kurikulum merdeka ini","1800124075626647629","","","in","dreamland","0","0","0","https://x.com/zenously/status/1800124075626647629","1711760391351816193","zenously"
"1800758457248981171","Wed Jun 12 05:14:07 +0000 2024","0","Kunci Jawaban Ilmu Pengetahuan Alam dan Sosial Kelas 4 Kurikulum Merdeka 117 Keanekaragaman Sekitar https://t.co/S1STTMfyqC","1800758457248981171","","","in","Bali - Indonesia","0","0","0","https://x.com/kumpulanbali/status/1800758457248981171","1468812302","kumpulanbali"
"1800713699449356595","Wed Jun 12 02:16:16 +0000 2024","0","Kunci Jawaban Bahasa Indonesia Kelas 10 Halaman 5 6 7 Kurikulum Merdeka: Ciri Khas Laporan Observasi https://t.co/Q4Ao5vVHNY","1800713699449356595","","","in","Bali - Indonesia","0","0","0","https://x.com/kumpulanbali/status/1800713699449356595","1468812302","kumpulanbali"
"1800484743013925177","Tue Jun 11 16:12:07 +0000 2024","11","@tvOneNews Inikah hasil kurikulum merdeka ?","1800561661197316377","","tvOneNews","in","","0","1","0","https://x.com/hdsambodo/status/1800561661197316377","2332613948","hdsambodo"
"1798651472663724057","Thu Jun 06 09:41:43 +0000 2024","49","#SahabatDikbud sebagai bagian dari program Kampus Merdeka Badan Standar Kurikulum dan Asesmen Pendidikan (BSKAP) Kemendikbudristek membuka kesempatan magang bersertifikat bagi para mahasiswa. Raih kesempatan berharga untuk berkontribusi terhadap arah kebijakan pendidikan https://t.co/VxnNwK14hv","1798651472663724057","https://pbs.twimg.com/media/GPYX-iCa4AA-S6z.jpg","","in","Jakarta Capital Region, Indonesia","0","9","7","https://x.com/litbangdikbud/status/1798651472663724057","3315015127","litbangdikbud"
"1800856577077067995","Wed Jun 12 16:32:27 +0000 2024","6","@dhemit_is_back Saya dari bekasi gk begitu yang mulia mungkin karena kurikulum merdeka jadi rebutan teman satu tim","1800929168089317733","","dhemit_is_back","in","","0","1","0","https://x.com/aldenlatif30/status/1800929168089317733","1748875377441951744","aldenlatif30"
"1798551445131940093","Thu Jun 06 03:04:14 +0000 2024","0","Pol PP ini seharusnya memahami esensi Kurikulum merdeka dimana minat dan bakat setiap individu siswa harus didukung dan dikembangkan. Bukan malah dihambat begini. Ingat dalam kurikulum merdeka belajar tidak boleh terkukung dalam ruang kelas.","1798551445131940093","","","in","DKI Djakarta","0","0","0","https://x.com/SangGuru2471/status/1798551445131940093","728949641421553665","SangGuru2471"
"1801500724041523345","Fri Jun 14 06:23:37 +0000 2024","0","Kunci Jawaban Bahasa Inggris Kelas 9 SMP Halaman 39 Kurikulum Merdeka Section 5 Worksheet 1.6 https://t.co/ZEFF7S0xqX","1801500724041523345","","","in","","0","0","0","https://x.com/ceritapalembang/status/1801500724041523345","1085759870","ceritapalembang"
"1801134937099411520","Thu Jun 13 06:10:07 +0000 2024","0","Tersedia 5 contoh catatan proses rapor P5 SD pembelajaran Kurikulum Merdeka singkat cocok untuk kelas 1 2 3 4 5 dan 6. (FA) #P5 #rapor #KurikulumMerdeka #SD https://t.co/dqefjYm9qj","1801134937099411520","","","in","Yogyakarta","0","0","0","https://x.com/berita_diy/status/1801134937099411520","1287642738683342848","berita_diy"
"1798679985865343136","Thu Jun 06 11:35:01 +0000 2024","1","Ptn! Sender mau daftar smup jalur Utbk sama nilai rapor. Sender kurikulum merdeka dan ada rapor projek juga kira-kira itu dimasukkin juga ga yaa? TIA!","1798679985865343136","","","in","RULES üëâ","0","0","1","https://x.com/sbmptnfess/status/1798679985865343136","1205629250423779328","sbmptnfess"
"1775494358801986013","Wed Apr 03 12:03:36 +0000 2024","0","Usai Jadi Polemik Nadiem Kini Pertimbangkan Pramuka Masuk Kurikulum Merdeka https://t.co/Li28duddnv","1775494358801986013","","","in","Jakarta","0","0","1","https://x.com/liputan6dotcom/status/1775494358801986013","47596019","liputan6dotcom"
"1763135163582853219","Thu Feb 29 09:32:35 +0000 2024","1","Pengamat Nilai Kurikulum Merdeka Ciptakan Proses Belajar Relevan Lapangan Pekerjaan Lebih Dekat https://t.co/tBoX15mYJ2 #News","1763135163582853219","","","in","Jakarta","0","0","0","https://x.com/liputan6dotcom/status/1763135163582853219","47596019","liputan6dotcom"
"1801079974050636109","Thu Jun 13 02:31:47 +0000 2024","3"," Lulusan kurikulum merdeka mendapatkan skor lebih tinggi daripada lulusan yang menggunakan kurikulum lainnya Peserta yang lolos SNBT 2024 dan sudah mendaftar ulang tidak dapat mendaftar di Jalur Mandiri di semua PTN","1801079991561773352","","SkollaOnline","in","Jakarta","0","1","0","https://x.com/SkollaOnline/status/1801079991561773352","1269831021446324226","SkollaOnline"
"1803677957946548365","Thu Jun 20 06:35:10 +0000 2024","0","TELAH TERBIT! AKUNTANSI PERUSAHAAN MANUFAKTUR KONSENTRASI KEAHLIAN AKUNTANSI SMK KELAS 12 KURIKULUM MERDEKA 005-657-075-0 | Rp122.000 CO disini Dapatkan Diskon Special &gt;&gt; https://t.co/Hj0NKBlNQQ @BukuERLANGGA https://t.co/sIAFgk8dkc","1803677957946548365","https://pbs.twimg.com/media/GQfzigMaIAAgAZ2.jpg","","in","Jakarta","0","0","0","https://x.com/bukabuku/status/1803677957946548365","48312615","bukabuku"
"1801071127328108629","Thu Jun 13 01:56:33 +0000 2024","0","Kunci Jawaban Bahasa Inggris Kelas 10 Halaman 5 6 7 Kurikulum Merdeka: Let's Write https://t.co/EN1mdScBoG","1801071127328108629","","","in","Bali - Indonesia","0","0","0","https://x.com/kumpulanbali/status/1801071127328108629","1468812302","kumpulanbali"
"1798575635671257235","Thu Jun 06 04:40:22 +0000 2024","76","Apakah ini berarti Presiden tidak percaya kualitas pendidikan dengan kurikulum merdeka?","1798575635671257235","","","in","√úT: -6.368133,106.833515","1","1","22","https://x.com/ShofwanAlBanna/status/1798575635671257235","116014975","ShofwanAlBanna"
"1797069133802270883","Sun Jun 02 00:54:04 +0000 2024","2"," gw jadi mikir rg bakalan laku ga yah soalnya kan ini udah ganti kurmer (kurikulum merdeka) sedangkan rg tuh mapelnya wajib gaada peminatan","1797069133802270883","","","in","","0","5","0","https://x.com/convomf/status/1797069133802270883","1314975287294083073","convomf"
"1797647895895867567","Mon Jun 03 15:13:51 +0000 2024","2"," halo adakah dari kalian yg masih SMA atau punya kenalan anak SMA yg belajarnya udah pake Kurikulum Merdeka? aku butuh pinjam dan minta difotokan buku paket bahasa inggrisnya untuk tugas kuliah. Kalo ada yg bersedia tolong rep ya nanti aku dm. Terima kasih","1797647895895867567","","","in","Indonesia","0","1","0","https://x.com/tanyakanrl/status/1797647895895867567","1331650559518990336","tanyakanrl"
"1802454579139006948","Mon Jun 17 05:26:59 +0000 2024","2","@sin2xtan2x @wangsitomjero mjb tapi kayanya gede deh persentasenya apalagi udah banyak sekolah yang kurikulum merdeka jadi mereka udah pelajarin mapel sesuai jurusan gak sih..","1802573633581449350","","sin2xtan2x","in","ksatria airlangga 24","0","1","0","https://x.com/ssplashark29/status/1802573633581449350","823464015938469888","ssplashark29"
"1796748403394920788","Sat Jun 01 03:39:35 +0000 2024","1","Kemdikbudristek Minta LPTK Gunakan Kurikulum Merdeka untuk Pendidikan Guru https://t.co/0xDhWC9kwy #beritasatu #news #berita","1796748403394920788","","","in","Jakarta","0","0","0","https://x.com/Beritasatu/status/1796748403394920788","154102750","Beritasatu"
"1801122973971271863","Thu Jun 13 05:22:34 +0000 2024","0","10 37 Persen dari Pendaftar Siswa dengan Kurikulum Merdeka Lulus UTBK https://t.co/kPBE9agpUP #beritasatu #news #berita","1801122973971271863","","","in","Jakarta","0","0","0","https://x.com/Beritasatu/status/1801122973971271863","154102750","Beritasatu"
"1800354078373060784","Tue Jun 11 22:33:46 +0000 2024","2","@mbienyambay2 Guru pd sengaja ngetes siswa nya cerdas update atau ndak. Kurikulum Merdeka: SEMUA SISWA NAIK KELAS BERAPAPUN ANGKA RAPOR nya. TAK ADA SISTEM RANKING Tabik mas nadiem...","1800657706308481232","","mbienyambay2","in","Bandar Lampung, Lampung","0","1","0","https://x.com/OLaksito/status/1800657706308481232","379818901","OLaksito"
"1796093588734132690","Thu May 30 08:17:36 +0000 2024","0","20 Soal Matematika Kelas 4 Semester 2 Kurikulum Merdeka https://t.co/y1O1knnWj5","1796093588734132690","","","in","","0","0","0","https://x.com/IDNTimes/status/1796093588734132690","388190238","IDNTimes"
"1792147331154161750","Sun May 19 10:56:34 +0000 2024","0","BPMP Jambi Gelar Pameran Bulan Merdeka dan Festival Kurikulum Merdeka 2024 Ini Tujuannya! https://t.co/9csOQZOslG #News","1792147331154161750","","","in","Jakarta","0","0","0","https://x.com/liputan6dotcom/status/1792147331154161750","47596019","liputan6dotcom"
"1800093583485419589","Mon Jun 10 09:12:09 +0000 2024","0","Profesionalitas Mahasiswa Pendidikan dalam Menghadapi Tantangan Pembelajaran Kurikulum Merdeka https://t.co/c6Tg0c3tw0","1800093583485419589","","","in","Indonesia","0","0","0","https://x.com/kompasiana/status/1800093583485419589","23786106","kompasiana"
"1800110432172343769","Mon Jun 10 10:19:06 +0000 2024","0","Kurikulum Merdeka Assessment for Learning dan Pembelajaran Matematika di Sekolah Dasar https://t.co/uRtuLsMjnN","1800110432172343769","","","in","Indonesia","0","1","0","https://x.com/kompasiana/status/1800110432172343769","23786106","kompasiana"
"1765366722641441104","Wed Mar 06 13:20:00 +0000 2024","4","Mendikbudristek Nadiem ungkap bahwa Kurikulum Merdeka akan ditetapkan jadi kurikulum nasional tahun ini. Disebut sudah ada 75% sekolah yang telah mengimplementasikan kurikulum itu. https://t.co/pW8MVtFehs","1765366722641441104","","","in","","1","7","1","https://x.com/detikcom/status/1765366722641441104","69183155","detikcom"
"1790897234483290435","Thu May 16 00:09:08 +0000 2024","1","Kemendikbud:¬†300 Ribu Sekolah Sudah Terapkan Kurikulum Merdeka https://t.co/toMSiwCXCa","1790897234483290435","","","in","","0","0","0","https://x.com/IDNTimes/status/1790897234483290435","388190238","IDNTimes"
"1800719724923453857","Wed Jun 12 02:40:12 +0000 2024","1","Menakar Keberlanjutan Kurikulum Merdeka: Tantangan dan Peluang Jangka Panjang https://t.co/oUiAQMAtUH #vstory","1800719724923453857","","","in","Jakarta","0","0","1","https://x.com/CeritaAnda_/status/1800719724923453857","322508869","CeritaAnda_"
"1800856577077067995","Wed Jun 12 16:04:20 +0000 2024","2","@dhemit_is_back Kurikulum merdeka nih bossss. Yang penting merdeka dulu ","1800922090629169298","","dhemit_is_back","in","","0","0","0","https://x.com/apipuisi/status/1800922090629169298","201583001","apipuisi"
"1800722674060054678","Wed Jun 12 04:54:57 +0000 2024","9","@7lemon_melon7 @barbieburuh Tbh kurikulum merdeka nadiem oke bgt sih tapi untuk yg mau lanjut STEM jadi keteteran bgt. Kuliah STEM di Indo itu analisisnya jauh bgt lebih rendah dari US. Padahal start SD nya kita udah belajar math yg macem macem","1800753636433387591","","7lemon_melon7","in","","0","2","1","https://x.com/hygakwhw/status/1800753636433387591","1722401323537289216","hygakwhw"
"1775433103999447483","Wed Apr 03 08:00:12 +0000 2024","0","Pramuka Tetap Ada di Kurikulum Merdeka Ini Penjelasan Kemendikbud Ristek https://t.co/PDzoEybc3W #News","1775433103999447483","","","in","Jakarta","0","0","0","https://x.com/liputan6dotcom/status/1775433103999447483","47596019","liputan6dotcom"
"1775809059247342066","Thu Apr 04 08:54:07 +0000 2024","1","4 Fakta Kabar Kemendikbudristek Hapus Ekstrakurikuler Pramuka Kini Pertimbangkan Masuk Kurikulum Merdeka https://t.co/N93t8PoB7P #News","1775809059247342066","","","in","Jakarta","0","1","1","https://x.com/liputan6dotcom/status/1775809059247342066","47596019","liputan6dotcom"
"1800064946249867356","Mon Jun 10 07:18:21 +0000 2024","0","30 Catatan Wali Kelas Berdasarkan Gaya Belajar Siswa untuk Raport Kurikulum Merdeka https://t.co/yzZpogzvFc","1800064946249867356","","","in","Indonesia","0","0","0","https://x.com/kompasiana/status/1800064946249867356","23786106","kompasiana"
"1800237753919283688","Mon Jun 10 18:45:01 +0000 2024","0","Penerapan Kurikulum Merdeka Bantu Pengembangan Anak Usia Dini https://t.co/LsvMCedwaw","1800237753919283688","","","in","Jakarta, Indonesia","0","0","0","https://x.com/GATRA_com/status/1800237753919283688","202559038","GATRA_com"
"1800457935606497379","Tue Jun 11 09:19:57 +0000 2024","0","130 Siswa SD Muhammadiyah 1 Solo Lulus dengan Kurikulum Merdeka! Simak Prestasi Mereka! https://t.co/wncuiRFAFU","1800457935606497379","","","in","Semarang, Jawa Tengah","0","0","0","https://x.com/pwmjateng/status/1800457935606497379","745130004955029505","pwmjateng"
"1775435569306435968","Wed Apr 03 08:10:00 +0000 2024","4","Kemendikbudristek: Keikutsertaan Pramuka Adalah Hak Murid Bukan Kewajiban Kemendikbudristek menepis rumor Pramuka dihapus dari kegiatan di sekolah. Pramuka tetap masuk dalam kurikulum Merdeka sebagai salah satu kegiatan ekstrakurikuler. &gt;&gt; https://t.co/ED3GpuckZm #detikcom","1775435569306435968","","","in","","1","0","1","https://x.com/detikcom/status/1775435569306435968","69183155","detikcom"
"1796439771155497279","Fri May 31 07:13:12 +0000 2024","0","Latihan Soal PAT/UKK PJOK Kelas 5 SD/MI Semester 2 Kurikulum Merdeka Lengkap dengan Kunci Jawaban https://t.co/THXiKWle2K","1796439771155497279","","","in","Palembang - Indonesia","0","0","0","https://x.com/kumpulanPLG/status/1796439771155497279","1451372822","kumpulanPLG"
"1801075394894082094","Thu Jun 13 02:42:01 +0000 2024","2","@girlstudyacc @matchaloevee mjb kurikulum merdeka","1801082567782986214","","girlstudyacc","et","UNDIP‚Äô24","0","0","0","https://x.com/kropiewin/status/1801082567782986214","1462919938197245952","kropiewin"
"1801165107335950359","Thu Jun 13 08:10:00 +0000 2024","1","Lulusan Kurikulum Merdeka Diklaim Raih Skor UTBK SNBT Lebih Tinggi Kok Bisa? https://t.co/qzPhFvIrLy","1801165107335950359","","","in","Kebayoran Lama, Indonesia","0","0","1","https://x.com/disway_id/status/1801165107335950359","1504683416314585090","disway_id"
"1800503398527300047","Tue Jun 11 12:20:36 +0000 2024","0","Terapkan Kurikulum Merdeka Anak Usia Dini Dikenali dengan Kuliner Khas Kudus https://t.co/zc0yxVaD8C","1800503398527300047","","","in","Jakarta Pusat, DKI Jakarta","0","0","0","https://x.com/SINDOnews/status/1800503398527300047","231355136","SINDOnews"
"1796348516455022996","Fri May 31 01:10:35 +0000 2024","0","90 Persen Sekolah di Jawa Barat Terapkan Kurikulum Merdeka https://t.co/lU9SIHGw67 #beritasatu #news #berita","1796348516455022996","","","in","Jakarta","0","0","0","https://x.com/Beritasatu/status/1796348516455022996","154102750","Beritasatu"
"1673466437325955072","Mon Jun 26 23:01:04 +0000 2023","0","Kurikulum Merdeka yang Terbaik Bagi Masa Ini https://t.co/X02HVBY9fL","1673466437325955072","","","in","","0","0","0","https://x.com/IDNTimes/status/1673466437325955072","388190238","IDNTimes"
"1721288420167991502","Sun Nov 05 22:08:34 +0000 2023","0","Mendikbudristek Dorong Sekolah di IKN Terapkan Kurikulum Merdeka https://t.co/H3ql4XEFGl","1721288420167991502","","","in","","0","0","0","https://x.com/IDNTimes/status/1721288420167991502","388190238","IDNTimes"
"1715173279366058313","Fri Oct 20 01:09:10 +0000 2023","0","Cerita Orang Tua Saat Dilibatkan dalam Implementasi Kurikulum Merdeka https://t.co/uhFwJgiSFf","1715173279366058313","","","in","","0","0","0","https://x.com/IDNTimes/status/1715173279366058313","388190238","IDNTimes"
"1670000090654871554","Sat Jun 17 09:27:03 +0000 2023","0","Tahun 2023 Ada 306.995 Satuan Pendidikan Mendaftar Kurikulum Merdeka https://t.co/NpM3xeKGK3","1670000090654871554","","","in","","0","0","0","https://x.com/IDNTimes/status/1670000090654871554","388190238","IDNTimes"
"1669971025323495424","Sat Jun 17 07:31:33 +0000 2023","0","Kemendikbudristek: Kurikulum Merdeka Bantu Asah Potensi Murid https://t.co/nsAMwYwjoh","1669971025323495424","","","in","","0","0","0","https://x.com/IDNTimes/status/1669971025323495424","388190238","IDNTimes"
"1702218212228927975","Thu Sep 14 07:10:22 +0000 2023","3","Kurikulum Merdeka Libatkan Guru dan Anak Didik Susun Program Pembelajaran https://t.co/syoCDucb6D","1702218212228927975","","","in","Pulo Gadung, Indonesia","0","1","0","https://x.com/tvOneNews/status/1702218212228927975","55507370","tvOneNews"
"1727639013266440237","Thu Nov 23 10:43:33 +0000 2023","0","Kurikulum Merdeka Dukung Anak Kenali Minat dan Bakat sejak Dini https://t.co/2psDrx5Vxm","1727639013266440237","","","in","","0","0","0","https://x.com/IDNTimes/status/1727639013266440237","388190238","IDNTimes"
"1702247873126232087","Thu Sep 14 09:08:13 +0000 2023","0","Kurikulum Merdeka Guru dan Anak Didik Susun Program Pembelajaran https://t.co/O8CGgNVOPQ","1702247873126232087","","","in","","0","0","0","https://x.com/IDNTimes/status/1702247873126232087","388190238","IDNTimes"
"1653422606358573058","Tue May 02 15:34:03 +0000 2023","0","Menag Pastikan Madrasah Siap Terapkan Kurikulum Merdeka Belajar https://t.co/oblOGoGEeX","1653422606358573058","","","in","","0","0","0","https://x.com/IDNTimes/status/1653422606358573058","388190238","IDNTimes"
"1798528625589026967","Thu Jun 06 01:33:34 +0000 2024","0","Kunci Jawaban Soal Fisika Kelas 12 SMA Kurikulum Merdeka Halaman 66 Bab 3: Kemagetan https://t.co/9PllXQBFvw.","1798528625589026967","","","in","Jl AA Maramis Kairagi 2 Manado","0","0","0","https://x.com/Tribun_Manado/status/1798528625589026967","151700683","Tribun_Manado"
"1762830394054099190","Wed Feb 28 13:21:32 +0000 2024","12","Sekolah yang belum menerapkan Kurikulum Merdeka diberi waktu dua tahun untuk mempelajari dan menerapkannya. https://t.co/2QjDvLUyCU","1762830394054099190","","","in","Jakarta, Indonesia","0","1","3","https://x.com/republikaonline/status/1762830394054099190","22126902","republikaonline"
"1660250404284940288","Sun May 21 11:45:16 +0000 2023","4","Tujuan Kurikulum Merdeka adalah agar guru bisa fokus kepada muridnya. https://t.co/BzOTxXEafZ","1660250404284940288","","","in","Jakarta, Indonesia","0","2","0","https://x.com/republikaonline/status/1660250404284940288","22126902","republikaonline"
"1797868006972047497","Tue Jun 04 05:48:30 +0000 2024","0","Kunci Jawaban Soal IPS Kelas 7 SMP Kurikulum Merdeka¬†Halaman 29 dan 30 Aktivitas 5 https://t.co/ZisUXzpF8U.","1797868006972047497","","","in","Jl AA Maramis Kairagi 2 Manado","0","0","0","https://x.com/Tribun_Manado/status/1797868006972047497","151700683","Tribun_Manado"
"1772849780466852332","Wed Mar 27 04:55:00 +0000 2024","4","Resmi! Kurikulum Merdeka diberlakukan untuk sekolah se-Indonesia di jenjang PAUD pendidikan dasar dan pendidikan menengah. Via @detik_edu https://t.co/klz9dLITd7","1772849780466852332","","","in","","0","0","3","https://x.com/detikcom/status/1772849780466852332","69183155","detikcom"
"1735838402904494377","Sat Dec 16 01:45:00 +0000 2023","2","Daftar Mata Pelajaran Pendukung SNBP 2024 Kurikulum Merdeka Siswa Simak! Yuk para camaba wajib cermati nih buat persiapan nanti. Semangat! &gt;&gt; https://t.co/yEBsII2nY4 Via @detik_edu","1735838402904494377","","","in","","0","0","0","https://x.com/detikcom/status/1735838402904494377","69183155","detikcom"
"1772895078844965041","Wed Mar 27 07:55:00 +0000 2024","3","Kurikulum Merdeka diresmikan untuk sekolah se-Indonesia. Tapi bagaimana nasib sekolah yang belum menerapkan Kurikulum Merdeka? Via @detik_edu https://t.co/7Cs8VtQihk","1772895078844965041","","","in","","0","0","1","https://x.com/detikcom/status/1772895078844965041","69183155","detikcom"
"1781129336688366001","Fri Apr 19 01:15:00 +0000 2024","1","Jumlah siswa lolos SNBP 2024 di Sekolah Penggerak Angkatan 1 turun. P2G menilai ini merugikan anak-anak dan bertentangan dengan prinsip Kurikulum Merdeka. Via @detik_edu https://t.co/SR7HW99wDS","1781129336688366001","","","in","","1","0","1","https://x.com/detikcom/status/1781129336688366001","69183155","detikcom"
"1800489767790068013","Tue Jun 11 22:58:27 +0000 2024","3","@RagilSemar Pendidikan yg tidak punya wawasan global. Bukan hanya di smpn itu yg gagal. Itu menggambarkan kegagalan kurikulum merdeka di semua sekolah dalam wawasan sejarah.","1800663916315640016","","RagilSemar","in","","0","0","0","https://x.com/andemha67/status/1800663916315640016","1565707365735088128","andemha67"
"1732206974811389984","Wed Dec 06 01:15:00 +0000 2023","2","Survei PISA 2022: Siswa Indonesia Mudah Berteman Berkat Kurikulum Merdeka Mendikbud Nadiem dan Direktur Pendidikan OECD mengatakan Kurikulum Merdeka beri dampak baik terhadap kompetensi siswa salah satunya dalam bersosial. &gt;&gt; https://t.co/Yt0IZYhv7T Via @detik_edu","1732206974811389984","","","in","","0","2","1","https://x.com/detikcom/status/1732206974811389984","69183155","detikcom"
"1799857594976416193","Sun Jun 09 17:34:25 +0000 2024","0","SMP Negeri 1 Tambun Selatan Terbaik Dalam Implementasi Program Kurikulum Merdeka https://t.co/YapRYhwyyw lewat @infodanta.com","1799857594976416193","","","in","Cikarang","0","0","0","https://x.com/infodantacom/status/1799857594976416193","1649132064","infodantacom"
"1801122207286047210","Thu Jun 13 05:19:32 +0000 2024","0","&lt;p&gt;Skor SNBT lulusan Kurikulum Merdeka melebihi peserta lain dengan Kurikulum 2013.&lt;/p&gt; https://t.co/IAujIgQjo3","1801122207286047210","","","in","Jakarta Capital Region, Indone","0","0","0","https://x.com/validnewsid/status/1801122207286047210","874558344593195008","validnewsid"
"1801173439929307359","Thu Jun 13 08:43:06 +0000 2024","4","Tim SNPMB mengatakan siswa SMA SMK yang menggunakan Kurikulum Merdeka punya nilai UTBK SNBT 2024 lebih tinggi dibanding K13. https://t.co/WSs9VzRgVa","1801173439929307359","","","in","Jakarta","0","0","0","https://x.com/kompascom/status/1801173439929307359","23343960","kompascom"
"1801155606558192008","Thu Jun 13 07:32:15 +0000 2024","1","Tim SNPMB mengatakan siswa SMA SMK yang menggunakan Kurikulum Merdeka punya nilai UTBK SNBT 2024 lebih tinggi dibanding K13. https://t.co/ps7R04N521","1801155606558192008","","","in","Jakarta","0","0","0","https://x.com/kompascom/status/1801155606558192008","23343960","kompascom"
"1709226817847218417","Tue Oct 03 15:20:03 +0000 2023","1","MINU KH Mukmin jadi percontohan implementasi kurikulum merdeka https://t.co/7u4zkTE4xS","1709226817847218417","","","in","Jakarta, Indonesia","0","0","0","https://x.com/republikaonline/status/1709226817847218417","22126902","republikaonline"
"1635668359168790530","Tue Mar 14 15:45:00 +0000 2023","2","Kabupaten Bogor mendorong bahasa Sunda masuk dalam Kurikulum Merdeka. https://t.co/nDjC1JGB7w","1635668359168790530","","","in","Jakarta, Indonesia","0","1","0","https://x.com/republikaonline/status/1635668359168790530","22126902","republikaonline"
"1797948728164434402","Tue Jun 04 11:09:15 +0000 2024","0","Soal UAS PAS Sosiologi Kelas 10 SMA SMK MA Semester 2 Kurikulum Merdeka Lengkap Kunci Jawaban https://t.co/fmMSmK7hrE lewat @banjarmasinpost","1797948728164434402","","","in","Banjarmasin, Kalsel","0","0","0","https://x.com/banjarmasinpost/status/1797948728164434402","65639033","banjarmasinpost"
"1773345547207823381","Thu Mar 28 13:45:00 +0000 2024","4","DPR RI menilai ketidaksiapan guru-guru di daerah masih menjadi kendala penerapan Kurikulum Merdeka secara nasional. Via @detik_edu https://t.co/IhgTcTn1fR","1773345547207823381","","","in","","0","0","1","https://x.com/detikcom/status/1773345547207823381","69183155","detikcom"
"1663170289516306432","Mon May 29 13:07:51 +0000 2023","1","Pagelaang dimainkan pelajar salahsatu Kurikulum Program Merdeka Belajar https://t.co/e4hcMsM386","1663170289516306432","","","in","Jakarta, Indonesia","0","0","0","https://x.com/republikaonline/status/1663170289516306432","22126902","republikaonline"
"1773330447902400582","Thu Mar 28 12:45:00 +0000 2024","2","Kurikulum Merdeka resmi menjadi kurikulum nasional. Berikut hal-hal yang perlu diketahui tentang penerapannya di PAUD SD SMP SMA dan yang Sederajat. Via @detik_edu https://t.co/Q8CFx0rGJJ","1773330447902400582","","","in","","0","1","1","https://x.com/detikcom/status/1773330447902400582","69183155","detikcom"
"1639604015381229569","Sat Mar 25 12:23:54 +0000 2023","1","Kepala Sekolah SMK Mardikenya sebut seminar BSI bagian dari Kurikulum Merdeka Belajar https://t.co/MZuTKCyDhD","1639604015381229569","","","in","Jakarta, Indonesia","0","1","0","https://x.com/republikaonline/status/1639604015381229569","22126902","republikaonline"
"1762360664750997622","Tue Feb 27 06:15:00 +0000 2024","0","Aktivis Pendidikan organisasi nirlaba Barisan Pengkaji Pendidikan (Bajik) menilai Kurikulum Merdeka masih belum layak jadi Kurikulum Nasional. Kenapa? Via @detik_edu https://t.co/XEwdQtMyQy","1762360664750997622","","","in","","0","0","0","https://x.com/detikcom/status/1762360664750997622","69183155","detikcom"
"1660264668177510400","Sun May 21 12:41:57 +0000 2023","5","Kurikulum Merdeka mulai diperkenalkan pada kalangan pendidikan sejak 2021. https://t.co/3qBSFMlAxb","1660264668177510400","","","in","Jakarta, Indonesia","0","1","1","https://x.com/republikaonline/status/1660264668177510400","22126902","republikaonline"
"1759914546905714718","Tue Feb 20 12:15:00 +0000 2024","0","Kemendikbud lakukan uji publik Rancangan Permendikbudristek Kurikulum Merdeka. Sekolah yang belum menggunakan punya 2 tahun untuk mempelajari dan menerapkannya. Via @detik_edu https://t.co/d50sdUOOl4","1759914546905714718","","","in","","0","2","1","https://x.com/detikcom/status/1759914546905714718","69183155","detikcom"
"1641351074748727296","Thu Mar 30 08:06:05 +0000 2023","0","Implementasi Kurikulum Merdeka Banyumas Peringkat Pertama dalam Aktivitas PMM https://t.co/TPo47J5KwX","1641351074748727296","","","in","Pulo Gadung, Indonesia","0","0","0","https://x.com/tvOneNews/status/1641351074748727296","55507370","tvOneNews"
"1732667509298585658","Thu Dec 07 07:45:00 +0000 2023","1","20 Contoh Soal PAS Bahasa Indonesia Kelas 5 SD Semester 1 Kurikulum Merdeka Yuk Belajar! Bisa untuk melatih kemampuan si kecil nih. Ada kunci jawabannya juga kok! &gt;&gt; https://t.co/znsMJK7aZZ Via @detik_edu","1732667509298585658","","","in","","0","0","0","https://x.com/detikcom/status/1732667509298585658","69183155","detikcom"
"1733029896837030155","Fri Dec 08 07:45:00 +0000 2023","2","20 Contoh Soal PAS Bahasa Inggris Kelas 9 SMP Semester 1 Kurikulum Merdeka Yuk biar nggak lupa lagi sama pelajarannya soal ini bisa untuk menilai kemampuanmu. Selamat belajar! &gt;&gt; https://t.co/8zNubUIYG0 Via @detik_edu","1733029896837030155","","","in","","0","0","0","https://x.com/detikcom/status/1733029896837030155","69183155","detikcom"
"1648334639470370824","Tue Apr 18 14:36:17 +0000 2023","4","Kurikulum Merdeka berikan keleluasaan guru untuk susun materi pembelajaran https://t.co/Ki95xgEIHU","1648334639470370824","","","in","Jakarta, Indonesia","0","0","1","https://x.com/republikaonline/status/1648334639470370824","22126902","republikaonline"
"1663176810828554243","Mon May 29 13:33:46 +0000 2023","0","Sudah 80 persen sekolah di DIY menerapkan Kurikulum Merdeka. https://t.co/Y8p5S47PvQ","1663176810828554243","","","in","Jakarta, Indonesia","0","0","0","https://x.com/republikaonline/status/1663176810828554243","22126902","republikaonline"
"1800390779992715300","Tue Jun 11 04:53:06 +0000 2024","0","Ini Upaya Disdikbud Pamekasan Implementasikan Kurikulum Merdeka. Dinas Pendidikan dan Kebudayaan (Disdikbud) Pamekasan berupaya maksimal mewujudkan Implementasi Kurikulum Merdeka (IKM) jenjang https://t.co/33AZA53Akw #PendidikanKesehatan #AkhmadZaini via @beritajatimcom","1800390779992715300","","","in","Surabaya","0","0","0","https://x.com/beritajatimcom/status/1800390779992715300","21287066","beritajatimcom"
"1664506866251239424","Fri Jun 02 05:38:56 +0000 2023","0","ASPD)di DIY dinilai tidak sinkron dengan Kurikulum Merdeka. https://t.co/fAqHxKHJZj","1664506866251239424","","","in","Jakarta, Indonesia","0","0","0","https://x.com/republikaonline/status/1664506866251239424","22126902","republikaonline"
"1641835368013238273","Fri Mar 31 16:10:30 +0000 2023","0","Sudah lebih dari 268 ribu satuan pendidikan terapkan kurikulum merdeka. https://t.co/Ry10lLQ0jD","1641835368013238273","","","in","Jakarta, Indonesia","0","0","0","https://x.com/republikaonline/status/1641835368013238273","22126902","republikaonline"
"1655479293944938496","Mon May 08 07:46:35 +0000 2023","1","Ujian UTBK SNBT 2023 disesuaikan dengan kebijakan Kurikulum Merdeka. https://t.co/VC1zEy9ui5","1655479293944938496","","","in","Jakarta, Indonesia","0","0","0","https://x.com/republikaonline/status/1655479293944938496","22126902","republikaonline"
"1666783508449357824","Thu Jun 08 12:25:30 +0000 2023","0","Kurikulum merdeka dorong terciptanya insan pendidikan berkualitas dan berkarakter. https://t.co/YEtrIz9nC7","1666783508449357824","","","in","Jakarta, Indonesia","0","0","0","https://x.com/republikaonline/status/1666783508449357824","22126902","republikaonline"
"1665634585932341248","Mon Jun 05 08:20:05 +0000 2023","0","IHT di SMAN 1 Belitang Hulu mengambil materi yaitu karakteristik Kurikulum Merdeka https://t.co/y7ftmQ8qx5","1665634585932341248","","","in","Jakarta, Indonesia","0","1","0","https://x.com/republikaonline/status/1665634585932341248","22126902","republikaonline"
"1670639885101981696","Mon Jun 19 03:49:22 +0000 2023","0","Selaku narasumber dosen Universitas BSI Pontianak perkenalkan Kurikulum Merdeka. https://t.co/nceApjQvfN","1670639885101981696","","","in","Jakarta, Indonesia","0","0","0","https://x.com/republikaonline/status/1670639885101981696","22126902","republikaonline"
"1801199855798288567","Thu Jun 13 10:28:04 +0000 2024","1","Ternyata rerata skor UTBK SNBT 2024 siswa Kurikulum Merdeka lebih tinggi dibandingkan dengan siswa dari kurikulum lain. Hmm kenapa ya? Via @detik_edu https://t.co/HAaaIl2F4t","1801199855798288567","","","in","","0","0","0","https://x.com/detikcom/status/1801199855798288567","69183155","detikcom"
"1654049686951694337","Thu May 04 09:05:50 +0000 2023","0","Masing-masing PTKIN memiliki kelebihan keselarasan dan rekognisi. https://t.co/D8zv1JkdgF","1654049686951694337","","","in","Jakarta, Indonesia","0","0","1","https://x.com/republikaonline/status/1654049686951694337","22126902","republikaonline"
"1801890231714725947","Sat Jun 15 08:11:23 +0000 2024","0","CONTOH Narasi Penilaian atau Catatan Rapor Siswa SMA / SMK Kurikulum Merdeka https://t.co/VFhl4MWmQq #Cerai #Iparadalahmaut #Kaesang #Dirumah #Daddies #Kominfo #Gita #Semangka #Arafah #zonauang #Anies #Login #UTBK #KimHyeyoon #HarumnyaMiniso","1801890231714725947","","","in","Jl Sungai Raya Dalam Kubu Raya","0","0","0","https://x.com/tribunpontianak/status/1801890231714725947","115936810","tribunpontianak"
"1640954717563158530","Wed Mar 29 05:51:06 +0000 2023","1","Merdeka Belajar menargetkan satuan pendidikan membangun enam fondasi kemampuan anak https://t.co/qmN24rwaeY","1640954717563158530","","","in","Jakarta, Indonesia","0","0","0","https://x.com/republikaonline/status/1640954717563158530","22126902","republikaonline"
"1660913493141491712","Tue May 23 07:40:09 +0000 2023","0","Kegiatan In House Training (IHT) dosen Universitas BSI digelar selama dua hari https://t.co/xcrI9icgd1","1660913493141491712","","","in","Jakarta, Indonesia","0","0","0","https://x.com/republikaonline/status/1660913493141491712","22126902","republikaonline"
"1661685720833216512","Thu May 25 10:48:43 +0000 2023","1","Kelas Pintar telah resmi menjadi mitra pembangunan Kemendikbudristek https://t.co/l1cecCHKbj","1661685720833216512","","","in","Jakarta, Indonesia","0","0","0","https://x.com/republikaonline/status/1661685720833216512","22126902","republikaonline"
