"conversation_id_str","created_at","favorite_count","full_text","id_str","image_url","in_reply_to_screen_name","lang","location","quote_count","reply_count","retweet_count","tweet_url","user_id_str","username"
"1778294731543327168","Thu Apr 11 05:31:17 +0000 2024","569","Puan nanti jadi ketum akan narik kembali Mas Gibran agar PDIP kembali berjaya...anggaplah Mas Gibran magang 5 atau 10 tahun sebagai wapres utk persiapan pengganti Pak Prabowo https://t.co/kT4tW1rcXn","1778294731543327168","https://pbs.twimg.com/ext_tw_video_thumb/1778294712526675968/pu/img/6s1IsTEzSDq5JwmI.jpg","","in","","34","195","83","https://twitter.com/tham878/status/1778294731543327168","1759100655783043072","tham878"
"1779069132019007522","Sat Apr 13 08:48:29 +0000 2024","1028","KPK SOROTI BANSOS BULOG BERSTIKER PRABOWO-GIBRAN MASIH ADA YANG BILANG 02 TIDAK CURANG? https://t.co/S7bcJloYhh","1779069132019007522","https://pbs.twimg.com/ext_tw_video_thumb/1779069085256663040/pu/img/9xacq1u2YS4tB1b9.jpg","","in","","8","25","564","https://twitter.com/Boediantar4/status/1779069132019007522","1383750727575605257","Boediantar4"
"1779193730526015992","Sat Apr 13 17:03:35 +0000 2024","125","Ups...! Ternyata begitu toh..! Pantas segala cara dilakukan untuk mencegah Prabowo - Gibran memenangkan PILPRES kali ini karena ada yg harus diamankan. Sepertinya ini baru permulaan deh. Apa masih ada yang akan menyusul ? Gelar Tikar sambil ngupi ngupi yuk Guys..! https://t.co/Gy4QtFtZIn","1779193730526015992","https://pbs.twimg.com/ext_tw_video_thumb/1779193642126913536/pu/img/E8w-E4rrHRF-sGwq.jpg","","in","Bekasi - Indonesia","1","33","35","https://twitter.com/OppungTp/status/1779193730526015992","1366617421","OppungTp"
"1778816867458818276","Fri Apr 12 16:06:04 +0000 2024","593","Ini bukti Kecurangan Pemilu yg Terstruktur Sistimatis dan Masif para komisioner @KPU_ID dan @bawaslu_RI @jokowi. Memenangkan @prabowo Tgl 13 February sebelum pemilu sudah Ada 58 % kemenangan...? Aneh....? https://t.co/jauTKY4rY4","1778816867458818276","https://pbs.twimg.com/ext_tw_video_thumb/1778816800077348864/pu/img/U5mz3Ozf6ASwy4x4.jpg","","in","","9","28","374","https://twitter.com/H4T14K4LN4L42/status/1778816867458818276","1129672753651388416","H4T14K4LN4L42"
"1779008534245724478","Sat Apr 13 04:47:41 +0000 2024","559","KAMI AKAN TERUS MELAWAN SEGALA BENTUK KECURANGAN YANG TERJADI DI REPOBLIK INI... KAMI SANGAT MEYAKINI BAHWA PRABOWO JADI PRESIDEN KARENA CURANG... #MakzulkanBanditBansos497T #MakzulkanBanditBansos497T üÜòüÜó https://t.co/2G1IfI41Lc","1779008534245724478","https://pbs.twimg.com/ext_tw_video_thumb/1779008348308070400/pu/img/S69gQ7imxWtzSi_0.jpg","","in","","4","63","251","https://twitter.com/PngAdilnR4kyt/status/1779008534245724478","1630749805734678529","PngAdilnR4kyt"
"1778636599536013817","Fri Apr 12 04:09:45 +0000 2024","2213","Gibran 36 thn saat mendaftar sementara pkpu nya masih berlaku usia 40 thn. 16 oktober putusan MK 25 oktober prabowo-gibran mendaftar 3 november penyesuaian pkpu yg baru hasil putusan MK. Parah nya lagi 13 november penetapan capres/cawapres msh pakai pkpu lama. #DustaManaLagi https://t.co/uzpvF6tqje","1778636599536013817","https://pbs.twimg.com/ext_tw_video_thumb/1778636535820328960/pu/img/Xdj1MKpNhl7Iy2pK.jpg","","in","Indonesia","21","66","994","https://twitter.com/3rwin__34/status/1778636599536013817","1385407713987874820","3rwin__34"
"1776963502105870749","Sun Apr 07 13:21:27 +0000 2024","60","Prabowo and The Red Carpet https://t.co/lX6CxD3TqV","1776963502105870749","https://pbs.twimg.com/ext_tw_video_thumb/1776963391283945472/pu/img/nMlk9rRFdsP_gXif.jpg","","en","","0","16","15","https://twitter.com/Kimberley_PS08/status/1776963502105870749","1334544700917727234","Kimberley_PS08"
"1776447121690079250","Sat Apr 06 03:09:33 +0000 2024","1073"," Segoblok-gobloknya Presiden hari ini dia bisa memecat Panglima kapan saja dia mau Yusril Izha Mahendra Gue makin yakin orang2 yang dibelakang Prabowo sebenarnya ga sepenuhnya sayang Jokowi Mereka2 hanya menggunakan Jokowi sebagai kendaraan dan alat meraih kekuasaan https://t.co/7tXBomtaeA","1776447121690079250","https://pbs.twimg.com/ext_tw_video_thumb/1776447040421351424/pu/img/C1gBzJfrsms3Ag63.jpg","","in","DKI Jakarta, Indonesia","21","149","302","https://twitter.com/Miduk17/status/1776447121690079250","1102461866129776640","Miduk17"
"1777891001534947476","Wed Apr 10 02:47:01 +0000 2024","1900","Prabowo Menyambangi Rumah Megawati. Ya sudah ...Gua Ikhlas Prabowo Jadi Presiden Asal Gibran di Diskualifikasi untuk Meredam Konflik Gugatan Pilpres Agar Kostitusi Tetap Terjaga. Apakah Kalian Setuju Tinggalkan Jejak Kalian . . https://t.co/gjZTBskK5v","1777891001534947476","https://pbs.twimg.com/ext_tw_video_thumb/1777890939354382336/pu/img/bYKAk0wgItk4dZoO.jpg","","in","Earth üåç","70","763","200","https://twitter.com/INDONESIAPERKS4/status/1777891001534947476","1606318502981169152","INDONESIAPERKS4"
"1777182812665430269","Mon Apr 08 03:52:55 +0000 2024","161","Ide yg briliant buat pak Prabowo sekalian khianatin sponsor utama pak https://t.co/exfZK5L2C9","1777182812665430269","https://pbs.twimg.com/ext_tw_video_thumb/1777182663004286976/pu/img/lXhuL8jMZESKtqRA.jpg","","in","","8","17","95","https://twitter.com/SeriDianawati/status/1777182812665430269","1629050677795368960","SeriDianawati"
"1777865771210965081","Wed Apr 10 01:06:45 +0000 2024","611","REFLY HARUN: SUARA PRABOWO SEBELUM GIBRAN DICALONKAN ELEKTABILITASNYA HANYA 24 % KETIKA GIBRAN DICALONKAN 25 OKTOBER 2023 Bagaimana dalam waktu 4 bulan bisa mendapatkan kenaikan 30% lebih. Berapa kali Prabowo-Gibran berkampanye? Jarang datang tapi ada faktor lain yg MENDUKUNG‚ÄºÔ∏è https://t.co/wXelpKDvvv","1777865771210965081","https://pbs.twimg.com/ext_tw_video_thumb/1777865728512921600/pu/img/5-lDPx6hGfThROrw.jpg","","in","","7","39","318","https://twitter.com/Boediantar4/status/1777865771210965081","1383750727575605257","Boediantar4"
"1778450838509473886","Thu Apr 11 15:51:36 +0000 2024","1991","Akibat Deklarasi kemenangan 02 dan @prabowo bertemu Xi karpet merah @jokowi terus berlanjut sementara pengangguran negri ini semakin bertambah Ada apa dengan pemikiran pejabat bangsa ini...? @DPR_RI https://t.co/0JJqun9sAO","1778450838509473886","https://pbs.twimg.com/ext_tw_video_thumb/1778450687262908416/pu/img/nx3LpwP7cmZycae-.jpg","","in","","34","121","1170","https://twitter.com/H4T14K4LN4L42/status/1778450838509473886","1129672753651388416","H4T14K4LN4L42"
"1776541499985207741","Sat Apr 06 09:24:34 +0000 2024","3359","Saya bingun sama buzzer prabowo-gibran yang lepas hijab anaknya Ridwan kamil Tapi kenapa Abah anies yang dibawa2 anehhh lagian itu urusannya si Ridwan sama bininya bukan urusan abah anies Mendingan lo bahas kasus 271 triliun yg di rampok chindo https://t.co/cqnGKiPvMT","1776541499985207741","https://pbs.twimg.com/media/GKeLEylaIAAod49.jpg","","in","","22","136","466","https://twitter.com/nialubis_/status/1776541499985207741","1604860300573802497","nialubis_"
"1777982847711924311","Wed Apr 10 08:51:58 +0000 2024","75","PDIP MAKIN MENDEKAT KE PRABOWO SIGNAL GIBRAN AKAN DISKUALIFIKASI? https://t.co/Snpyl8e0pw","1777982847711924311","https://pbs.twimg.com/media/GKyp-fXbMAAZs3T.jpg","","in","","4","4","28","https://twitter.com/herculep638/status/1777982847711924311","1722014606712094720","herculep638"
"1777261094467404151","Mon Apr 08 09:03:59 +0000 2024","432","https://t.co/bIEX1qk9xk Vid Adrison Saksi Ahli Ekonom UI bongkar Efek Bansos Jokowi Menangkan Prabowo-Gibran. Saksikan selengkapnya Eksklusif! hanya di youtube Abraham Samad SPEAK UP. Jangan lupa subscribe like comment¬†&amp;¬†share! https://t.co/YHrbDtGR5D","1777261094467404151","https://pbs.twimg.com/ext_tw_video_thumb/1777260732595527680/pu/img/ETABnyfPIBQa7vwE.jpg","","in","Indonesia","4","24","221","https://twitter.com/AbrSamad/status/1777261094467404151","949066047243436032","AbrSamad"
"1777730691826147813","Tue Apr 09 16:10:00 +0000 2024","10008","'Rakyat Hanya Ingin Prabowo-Gibran Didiskualifikasi' https://t.co/MIdSDqLu2o","1777730691826147813","","","in","Indonesia","92","2743","1984","https://twitter.com/democrazymedia/status/1777730691826147813","1243804423001763841","democrazymedia"
"1777204541014032437","Mon Apr 08 05:19:16 +0000 2024","1034","MENGEJUTKAN... ROCKY GERUNG PREDIKSI MK TERIMA GUGATAN 01 DAN 03 DAN SARANKAN PRABOWO UNTUK MERENUNG DEMI KEBAIKAN BANGSA....‚ÄºÔ∏è #MerdekaTanpaBoneka #MerdekaTanpaBoneka üÜòüÜó https://t.co/lWX2TEpfgp","1777204541014032437","https://pbs.twimg.com/ext_tw_video_thumb/1777204501658980352/pu/img/YMGR4SV4tO0yTedR.jpg","","in","","13","74","432","https://twitter.com/PngAdilnR4kyt/status/1777204541014032437","1630749805734678529","PngAdilnR4kyt"
"1778397835932869076","Thu Apr 11 12:20:59 +0000 2024","559","Warganet √Æni ungkap perbedaan Open House Anies dan Prabowo https://t.co/Ng4mFOG5s0","1778397835932869076","https://pbs.twimg.com/ext_tw_video_thumb/1778397596618526720/pu/img/TIweCsL1VcNDw8VT.jpg","","in","","4","21","286","https://twitter.com/Zer0Failed/status/1778397835932869076","1629291797250998272","Zer0Failed"
"1776315600140193869","Fri Apr 05 21:13:06 +0000 2024","3","@AikoSociety This my entry meme sir Hope you like it Ô∏è @AikoSociety Tag @Safitri347690 @renes2377 @prabowo #MemeContest #cryptocom https://t.co/TwYdSyMor4","1776357419968508317","https://pbs.twimg.com/ext_tw_video_thumb/1776357369053880320/pu/img/Xi7_SWMQpym1xz5B.jpg","AikoSociety","en","","0","1","1","https://twitter.com/Cuan1239000/status/1776357419968508317","1459172627142959114","Cuan1239000"
"1776948193235972307","Sun Apr 07 12:20:38 +0000 2024","6312","Njir gue stop aliran dana keluarga gue yg memuja Prabowo dan Jokowi biar mereka itu ngerasain dicekek oleh rezim durjana ini slma ini gue yg kecekek sendirian mereka di medsos sok kaya sok kaya mereka itu ada gue yg kerja mati2an jungkir balik sakit ttp kerja.gua ksh peljran !","1776948193235972307","","","in","","79","231","606","https://twitter.com/gueinisiapawkwk/status/1776948193235972307","1514568066830462978","gueinisiapawkwk"
"1778942103210656190","Sat Apr 13 00:23:43 +0000 2024","22","Bamsoet Dorong Seluruh Parpol Gabung Koalisi Prabowo https://t.co/f46P8jJPoo","1778942103210656190","","","in","Indonesia","12","36","5","https://twitter.com/rmol_id/status/1778942103210656190","990237626","rmol_id"
"1778427375338017279","Thu Apr 11 14:27:11 +0000 2024","75","@Y_D_Y_P Anwar the Chinese puppets vs Prabowo zionism https://t.co/bBTbcaTBPT","1778429592765944117","https://pbs.twimg.com/media/GK5ASitaIAA_Zlp.jpg","Y_D_Y_P","en","Nerv headquarters","0","5","6","https://twitter.com/chen_vui12/status/1778429592765944117","1546117186984767488","chen_vui12"
"1779018949096858100","Sat Apr 13 05:29:04 +0000 2024","59","Sebagian warga Jakarta mendapat paket sembako dari Pak @prabowo menjelang Lebaran. Walaupun saya tidak dapat atas nama warga Jakarta yang dapat sembako saya sampaikan rasa terima kasih kepada Pak Prabowo dan orang-orang di sekitar beliau. https://t.co/glp0fGcRLR","1779018949096858100","https://pbs.twimg.com/ext_tw_video_thumb/1779018714513559552/pu/img/DmJ6Kw_SJNGWF8QW.jpg","","in","Duren Sawit, DKI, Indonesia","0","17","7","https://twitter.com/Kenikir27/status/1779018949096858100","1603498565548277760","Kenikir27"
"1778649896364711975","Fri Apr 12 06:05:30 +0000 2024","273","@timpenguinnas pan ini ngingetin gue ama lahan prabowo dituduh punya 300 hektar malah flexing 500 hektar https://t.co/cAm5Pion3v","1778665728947957889","https://pbs.twimg.com/ext_tw_video_thumb/1778665647125438464/pu/img/cN_57j_cY8SxkI3K.jpg","timpenguinnas","in","Negeri Para Bedebah","2","2","13","https://twitter.com/Nahidayonima/status/1778665728947957889","1184897768579424256","Nahidayonima"
"1776994822353805418","Sun Apr 07 15:25:55 +0000 2024","471","Kebohongan @prabowo membenci Tiongkok dan Israel ternyata menjalin hubungan mersra dengan keduanya Betulkan @InfoLurah Alih¬≤ ingin majukan Indonesia faktanya...! Tka china terus berdatangan menguras seluruh sumber alam di berbagai daerah. Terlalu.....! https://t.co/OTkN4492fL","1776994822353805418","https://pbs.twimg.com/ext_tw_video_thumb/1776994709334065152/pu/img/wIJOiPTlq8CU6qGV.jpg","","in","","8","28","412","https://twitter.com/H4T14K4LN4L42/status/1776994822353805418","1129672753651388416","H4T14K4LN4L42"
"1776315600140193869","Fri Apr 05 21:12:57 +0000 2024","3","@AikoSociety This my entry meme sir Hope you like it Ô∏è @AikoSociety Tag @Safitri347690 @renes2377 @prabowo #MemeContest #cryptocom https://t.co/w2NrlNaad6","1776357383209701672","https://pbs.twimg.com/ext_tw_video_thumb/1776357359390191617/pu/img/hZpWg4l8TP78MzW7.jpg","AikoSociety","en","","0","0","1","https://twitter.com/Cuan1239000/status/1776357383209701672","1459172627142959114","Cuan1239000"
"1776252254833815817","Fri Apr 05 15:17:43 +0000 2024","4","@H4T14K4LN4L42 @prabowo JIKA PRIBUMI KALAH PEMILU AKAN SANGAT MENGERIKAN https://t.co/NeA6fqFdkt","1776267982530122100","https://pbs.twimg.com/ext_tw_video_thumb/1776267965035671552/pu/img/2EyF82tSgLjG1MGo.jpg","H4T14K4LN4L42","in","","0","2","1","https://twitter.com/TismanDarn19573/status/1776267982530122100","1754006905989836800","TismanDarn19573"
"1777362134428754086","Mon Apr 08 15:45:29 +0000 2024","754","Bapak calon wakil presiden @gibran_tweet nggak faham permasalahan bahasanya erooor.... Ngebleng....! Piye katanya bapak @jokowi dan bapak calon presiden @prabowo nasionalis .... NKRI .... lah... Kok tka china terus berdatangan hingga saat ini..??? (1) bersambung... https://t.co/7UvOCZWh8n","1777362134428754086","https://pbs.twimg.com/ext_tw_video_thumb/1777362027205591040/pu/img/YbEHW4j722pOZ4Y-.jpg","","in","","10","23","466","https://twitter.com/H4T14K4LN4L42/status/1777362134428754086","1129672753651388416","H4T14K4LN4L42"
"1778742427421192426","Fri Apr 12 11:10:16 +0000 2024","75","Silahkan Pak Prabowo Gandeng Semua Partai Atau Tokoh tapi jangan si Anies dan Si Ganjar! Bangun Bangsa secara Bersama Prabowo Terus Upayakan Rekonsiliasi Bangsa https://t.co/uHi6ZXsqxC","1778742427421192426","","","in","Dihati mu üíô","20","314","12","https://twitter.com/ajengcute16__/status/1778742427421192426","1258626853541052421","ajengcute16__"
"1778456700326216114","Thu Apr 11 16:14:54 +0000 2024","259","Piye .! @prabowo @jokowi @AgusYudhoyono Sampai kpan Ucapan Prilaku Hati Nurani bisa slaras...? Apakah Materi Harta Tahta &amp; Jabatan mampu mengangkat derajat sukma stelah raga di kubur..? Sesungguhnya kehidupan alam fana tingkat yg paling rendah dari kehidupan lain dialam smesta. https://t.co/loY6xMzmaJ","1778456700326216114","https://pbs.twimg.com/ext_tw_video_thumb/1778456505186226176/pu/img/0Vpknh6Ji8kWVai9.jpg","","in","","3","8","141","https://twitter.com/H4T14K4LN4L42/status/1778456700326216114","1129672753651388416","H4T14K4LN4L42"
"1779309889191637271","Sun Apr 14 00:45:10 +0000 2024","0","MK tidak bisa diskualifikasi Prabowo-Gibran #MK https://t.co/tYXX586Lxy","1779309889191637271","https://pbs.twimg.com/media/GLFg6OVbgAAKSKx.jpg","","in","Central Borneo, Indonesia","0","0","0","https://twitter.com/ErikaHamka/status/1779309889191637271","1524941757338701825","ErikaHamka"
"1776964943704989750","Sun Apr 07 13:27:11 +0000 2024","4","Dear Pak @prabowo ! By taking Neom Concept (Beyond Our Funding) talk could be held between Malaysia &amp; Brunei for Point Of Strategic (Railway Station &amp; Sorrounding Development). I believe Speed Train initated by HRH @HassanalBolkia2 could benefit whole Borneo cc @anwaribrahim https://t.co/OAKvzoQI6s","1776964943704989750","https://pbs.twimg.com/ext_tw_video_thumb/1776964793821491200/pu/img/GQBcdwq2KzwiRFEV.jpg","","en","Kuala Lumpur, Wilayah Persekut","0","0","4","https://twitter.com/arifsetia2013z/status/1776964943704989750","1758831820186296320","arifsetia2013z"
"1779309806702186784","Sun Apr 14 00:44:50 +0000 2024","15","Jokowi modal ngibul Esemka untuk nyapres Prabowo modal mobil listrik? Kita sekarang sudah merintis Jeep buatan Pindad buatan Indonesia. Kita juga produksi mobil listrik buatan Indonesia 3.000 unit per bulan. (Prabowo) #AyoRevolusi2024 #AyoRevolusi2024 https://t.co/u0DNcy7Bd0","1779309806702186784","https://pbs.twimg.com/ext_tw_video_thumb/1779309727350247424/pu/img/JLdd8puXLTzl5Iw9.jpg","","in","","1","0","5","https://twitter.com/MichelAdam7__/status/1779309806702186784","1647311678160384007","MichelAdam7__"
"1777731736295862569","Wed Apr 10 02:03:56 +0000 2024","67","@Tan_Mar3M Sepertinya banyak hal yg membuat saya mengatakan TIDAK untuk Prabowo. Saya tetap Anies https://t.co/BTBwr0IHRP","1777880162828423270","https://pbs.twimg.com/media/GKxMklaaAAAAWar.jpg","Tan_Mar3M","in","","1","6","14","https://twitter.com/amelcewaw/status/1777880162828423270","1661041817138368512","amelcewaw"
"1776215414017847614","Fri Apr 05 11:48:49 +0000 2024","0","04/01/2024 South China Morning Post: Amid growing tensions in the South China Sea Indonesia's newly-elected President Prabowo chose the Communist China for his first trip and pledged to retain close relations with the CCP. https://t.co/r63m65XxuS","1776215414017847614","https://pbs.twimg.com/ext_tw_video_thumb/1776215226574311424/pu/img/qi4LaYQ8S46JZ-pV.jpg","","en","","0","0","0","https://twitter.com/CelestineHamlin/status/1776215414017847614","1319602824062275586","CelestineHamlin"
"1779092226645303482","Sat Apr 13 10:20:15 +0000 2024","238","inilah pak @prabowo sosok pemimpin yg mutlak di pilih rakyat dimana kebiasaan #PrabowoMerangkul sudah menjadi bukti kalo beliau sosok pemersatu bangsa dan panutan utk semua kalangan https://t.co/4VlRKtMPlA","1779092226645303482","https://pbs.twimg.com/media/GLCa8dja0AAwTY5.jpg","","in","","0","317","151","https://twitter.com/BangRQ/status/1779092226645303482","1298848322069782529","BangRQ"
"1777878310233800922","Wed Apr 10 01:56:35 +0000 2024","46","Sometimes I'm grateful that prabowo is the president just for one fact that the rest of his competition can spend time with their families because WE ALL KNOW prabowo doesn't have one to spend it Ô∏è","1777878310233800922","","","en","Tangerang, Indonesia","3","1","4","https://twitter.com/astraycurse/status/1777878310233800922","899049541965463552","astraycurse"
"1777568791976694248","Tue Apr 09 05:26:40 +0000 2024","8","Chance for an airdrop @SenderLabs @AirdropDet @prabowo @AirdropStario @Airdrop6_com @SatoshiAppXYZ @bythenAI @Metaoasis_","1777568791976694248","","","en","","4","7","7","https://twitter.com/HeriAnrianto/status/1777568791976694248","2870835541","HeriAnrianto"
"1779127122180837676","Sat Apr 13 12:38:55 +0000 2024","16","wishing prabowo and bani jokower downfall every single day","1779127122180837676","","","en","Indianapolis, IN","0","0","3","https://twitter.com/jeoddinary/status/1779127122180837676","1623292627595706376","jeoddinary"
"1777385668056076478","Mon Apr 08 17:19:00 +0000 2024","32","04/01/2024 South China Morning Post: Amid growing tensions in the South China Sea Indonesia's newly-elected President Prabowo chose the Communist China for his first trip and pledged to retain close relations with the CCP. https://t.co/OG1JHygL05","1777385668056076478","https://pbs.twimg.com/ext_tw_video_thumb/1777332090595631104/pu/img/rXkitc7d_hBsHf-d.jpg","","en","Sydney","0","0","59","https://twitter.com/NFSC_HAGnews/status/1777385668056076478","1547060724370792448","NFSC_HAGnews"
"1778797722822422897","Fri Apr 12 14:50:00 +0000 2024","1122","VIRAL Villa Mewah Hashim Adik Prabowo Dilelang Otoritas Swiss Diduga Kemplang Pajak Rp2 Triliun di Negara Orang https://t.co/ZfMaLyBDFv","1778797722822422897","","","in","Indonesia","31","76","644","https://twitter.com/democrazymedia/status/1778797722822422897","1243804423001763841","democrazymedia"
"1777204498462879838","Mon Apr 08 05:19:05 +0000 2024","97","Ketua Umum PDI-P Megawati Soekarnoputri menugaskan Puan Maharani untuk membangun komunikasi dengan Prabowo Subianto. https://t.co/EgkJFJKy82 #VideoBerita #AdadiKompas","1777204498462879838","","","in","Palmerah, Jakarta","91","38","32","https://twitter.com/hariankompas/status/1777204498462879838","255866913","hariankompas"
"1777498557966332079","Tue Apr 09 00:47:35 +0000 2024","12","Bahlil Lahadalia dan Maruarar Sirait Ungkap soal Peluang Jokowi Jadi Penasihat Khusus Prabowo https://t.co/OkUzi3gqxo #TempoNasional","1777498557966332079","","","in","Indonesia","5","19","3","https://twitter.com/tempodotco/status/1777498557966332079","18129942","tempodotco"
"1779143400153096649","Sat Apr 13 13:43:36 +0000 2024","19","Yg tidak percaya Prabowo adalah rakyat yg cerdas dan pintar apa sebab Prabowo jadi TNI aja di pecat jadi peminpin keluarga aja gak mampu jadi petani singkong gagal frestasi gak punya kemudian yg sanget hebat dan saaanget pintar dan cinta NKRI yg bisa #mendiskualifikasi02 https://t.co/PdMvoTaDdA","1779143400153096649","https://pbs.twimg.com/media/GLDInH2X0AABKQq.jpg","","in","205 NKRI harga Mati","0","8","6","https://twitter.com/moh_aak/status/1779143400153096649","1505587374880821253","moh_aak"
"1778709657931891184","Fri Apr 12 09:00:03 +0000 2024","975","Merinding! Guru Besar IPDN Bongkar 'Strategi' Jokowi Gunakan Pj Kepala Daerah Menangkan Prabowo-Gibran 1 Putaran https://t.co/QYzTVDgjyk","1778709657931891184","","","in","Indonesia","3","33","516","https://twitter.com/democrazymedia/status/1778709657931891184","1243804423001763841","democrazymedia"
"1778006585656451561","Wed Apr 10 10:26:18 +0000 2024","0","How lucky i'm . . . . . . Gemoy will never die Prabowo presiden 2024 https://t.co/fKOTHmrWXh","1778006585656451561","https://pbs.twimg.com/media/GKy_kIoaoAAb0Jv.jpg","","en","Sidoarjo, Indonesia","0","1","1","https://twitter.com/GudUghtea/status/1778006585656451561","1246765932564738049","GudUghtea"
"1779060705552982323","Sat Apr 13 08:15:00 +0000 2024","59","Pakar HTN: Sesuai Pasal 8 UUD 1945 Prabowo Subianto Bisa Dilantik Tanpa Gibran Rakabuming Raka https://t.co/cQuY67irt8","1779060705552982323","","","in","Indonesia","3","26","29","https://twitter.com/democrazymedia/status/1779060705552982323","1243804423001763841","democrazymedia"
"1778655369025466797","Fri Apr 12 05:24:20 +0000 2024","53","PARA HAKIM MK SELAYAKNYA MENDISKUALIFIKASI PRABOWO-GIBRAN DAN MEMERINTAHKAN KPU UNTUK MENGADAKAN PEMUNGUTAN SUARA ULANG....‚ÄºÔ∏è #SetopBayarPajak #SetopBayarPajak üÜòüÜó https://t.co/hNbeGYIu8L","1778655369025466797","https://pbs.twimg.com/media/GK8NoLNbwAAaur3.jpg","","in","","4","4","45","https://twitter.com/secr3thm4nz56/status/1778655369025466797","1412374538722058244","secr3thm4nz56"
"1778587428640731358","Fri Apr 12 00:54:22 +0000 2024","3","This is why many of us feared Prabowo winning","1778587428640731358","","","en","under the sea","0","3","4","https://twitter.com/JackfruitJerky/status/1778587428640731358","1368427855462297600","JackfruitJerky"
"1778415022580101481","Thu Apr 11 13:29:17 +0000 2024","15","gonna blame this to 02 supporters prabowo gibran jokowi scooter bang pd and GhoulPinks alias fuck yall","1778415022580101481","","","en","230528 (slow)","0","1","4","https://twitter.com/vkscenez/status/1778415022580101481","1324726927274381314","vkscenez"
"1776742758780465234","Sat Apr 06 22:44:18 +0000 2024","0"," @menkeu_ri ; @jokowi ; @prabowo ; shame!!! https://t.co/Wu60l7Sa8O","1776742758780465234","","","en","","0","0","0","https://twitter.com/D54013Lenny/status/1776742758780465234","1700746400923869184","D54013Lenny"
"1776565258066301052","Sat Apr 06 10:58:59 +0000 2024","62","Indonesia President now Mr Prabowo as the Commander in the Military Operations 1996 in West Papua killing Civilians Indigenous Peoples of West Papua #letsdance #knacking https://t.co/SawqHEPtT0","1776565258066301052","https://pbs.twimg.com/media/GKegr_ebUAAsvV7.jpg","","en","New Guinea","1","3","24","https://twitter.com/khirlani/status/1776565258066301052","713121054546272256","khirlani"
"1776418079620436463","Sat Apr 06 01:14:09 +0000 2024","0","in case you have to visualise GOD I LEFT THIS TO YOU #CC @elonmusk @corbuzier @prabowo @KremlinRussia_E https://t.co/TcgS3RCTcd","1776418079620436463","https://pbs.twimg.com/ext_tw_video_thumb/1776418020619141120/pu/img/wSpNBTU2m4KDR2K8.jpg","","en","semarang,Indonesia (SEA)","0","0","0","https://twitter.com/_synntherealla/status/1776418079620436463","98811380","_synntherealla"
"1777347897782128844","Mon Apr 08 14:48:55 +0000 2024","127","President @RTErdogan spoke by phone with Indonesian President-elect Prabowo Subianto. The call addressed the T√ºrkiye-Indonesia relations and global developments. Congratulating Indonesian President-elect Subianto on his election victory President Erdoƒüan expressed his ","1777347897782128844","","","en","Ankara, T√ºrkiye","4","7","47","https://twitter.com/trpresidency/status/1777347897782128844","272621942","trpresidency"
"1777271415554875551","Mon Apr 08 09:45:00 +0000 2024","1032","'Rakyat Ditakut-Takuti Jika Prabowo-Gibran Didiskualifikasi Akan Terjadi Chaos' https://t.co/Eq28KAImRD","1777271415554875551","","","in","Indonesia","46","235","426","https://twitter.com/democrazymedia/status/1777271415554875551","1243804423001763841","democrazymedia"
"1777544742945096079","Tue Apr 09 03:51:06 +0000 2024","228","Bagi Mega koalisi dengan prabowo tidak ada masalah asal benalunya dibuang ke laut. https://t.co/a5KUvaacV5","1777544742945096079","","","in","lokalisasi kelas teri","7","35","57","https://twitter.com/triwul82/status/1777544742945096079","2695463725","triwul82"
"1778291539208536260","Thu Apr 11 05:18:36 +0000 2024","9","Their new president Prabowo is pro Zionist so this was expected and not so surprising.","1778291539208536260","","","en","¬≤‚Å∞'À¢ üßïüèºüá≤üáæü©∑ ","0","2","1","https://twitter.com/elmontel_/status/1778291539208536260","3095708220","elmontel_"
"1777336747921473854","Mon Apr 08 14:04:36 +0000 2024","5","so many universities yet we have Prabowo as the next president","1777336747921473854","","","en","Bandung, Indonesia","0","0","2","https://twitter.com/BangWin04/status/1777336747921473854","1296382061758955520","BangWin04"
"1778695572842832354","Fri Apr 12 08:04:05 +0000 2024","24","Honoured &amp; delighted to have had the occasion to convey to President-elect @prabowo the heartfelt congratulations of President @Christodulides on his election as well as best wishes for #Idulfitri #IdulFitri2024 #Eid_Mubarak #Eid #Siprus #CyprusinIndonesia https://t.co/96XpOsimKf","1778695572842832354","https://pbs.twimg.com/media/GK8yMXZaUAAqN2V.jpg","","en","Jakarta, Indonesia","0","0","4","https://twitter.com/PanayiotouNikos/status/1778695572842832354","1700124931","PanayiotouNikos"
"1776559660411101342","Sat Apr 06 10:36:44 +0000 2024","49","Prabowo : Couldn t agree more ","1776559660411101342","","","en","","0","0","8","https://twitter.com/legislatweet/status/1776559660411101342","1517123019453636609","legislatweet"
"1777543206399348956","Tue Apr 09 03:45:00 +0000 2024","2128","Sejumlah Aktivis Demokrasi Yogyakarta Dukung MK 'Diskualifikasi' Prabowo-Gibran https://t.co/bPDufOAbzp","1777543206399348956","","","in","Indonesia","7","37","699","https://twitter.com/democrazymedia/status/1777543206399348956","1243804423001763841","democrazymedia"
"1776518052445888932","Sat Apr 06 07:51:24 +0000 2024","0","M Qodari menjadi saksi ahli di sidang MK terkait sengketa Pilpres 2024. https://t.co/AC5lAPTBHP","1776518052445888932","","","in","Jakarta, Indonesia","0","0","0","https://twitter.com/republikaonline/status/1776518052445888932","22126902","republikaonline"
"1778013647266275561","Thu Apr 11 09:04:22 +0000 2024","83","@zkieslov @kekocakandunia Tenang ada yang jauh lebih sinting lagi dari pada cerita BL Jokowi √ó Prabowo yaitu cerita BL Prabowo √ó Anies. https://t.co/VGpVg0IsDP","1778348356580024675","https://pbs.twimg.com/ext_tw_video_thumb/1778348297301921792/pu/img/U5HCqaT41HJUDqYQ.jpg","zkieslov","in","Bogor, Jawa Barat","5","18","7","https://twitter.com/Izzadin_Sabani/status/1778348356580024675","1291023083898195968","Izzadin_Sabani"
"1778070166645141713","Wed Apr 10 14:38:57 +0000 2024","37","Viral! Pendukung Anies Sebut Andai Bukan Bulan Puasa Semua Pendukung Jokowi dan Prabowo akan Disembelih. https://t.co/RFqhowcjjw","1778070166645141713","https://pbs.twimg.com/ext_tw_video_thumb/1778069733633622016/pu/img/GgezhCfNIP7zEep_.jpg","","in","","22","59","21","https://twitter.com/sedangrameid/status/1778070166645141713","1472231409741754373","sedangrameid"
"1777504059349688814","Tue Apr 09 01:35:06 +0000 2024","38","@Yoechan_ @DolfieOtay @TrioKw3kkw3k__ @baronko_cole @b3l4h4nh4t1ku_ @TukuQ_86300 @A5l1n9_4la_m_ @P3n99u94t_ @OktermanLkmn @se_raden997370 @PahetKopi28207 @Jatayu_45back @4nw4r__84 @WartegPerjuang1 @Anto1157 @perangutan23 @Udinsam_dua @Darmara02177184 @sampalle @bale_imut @Al355555 @NunutUswatun @SiTukangUtang_0 @Sumanto59653397 @RENIEKA2012 @Amans4 @Enggang_Kaltim @dankelha @KiYang4343 @toniwahyudi21 @NawawiAlMaroni @RusdiridwanS @abah_mumtaz @dewimajid4 @syeifm @ManusiaBumi2_ @MentriGoblok35 @inlandertengik @AdhiZulkarnaen #RakyatSiagaKawalMK #RakyatSiagaKawalMK @ahmadsalam0741 @MJOEJOEF @Ikotjo @TajamTajam4 @Deslini2 @IMachjar @mak_itaam @FiraunBeleguk @MrBest090983 @ibnu_hima @ComRamdani 12. Deklarasi dukungan pejabat2 untuk Prabowo Gibran. Diskualifikasinya juga harus Prabowo Gibran https://t.co/U82i1iJ3li","1777510518359822781","https://pbs.twimg.com/ext_tw_video_thumb/1777510480392941568/pu/img/4t5u4oHU9-zrWDJ6.jpg","BrutusTu4__","in","","2","2","30","https://twitter.com/BrutusTu4__/status/1777510518359822781","1671956579254693888","BrutusTu4__"
"1777696288647139349","Tue Apr 09 13:53:17 +0000 2024","35","Heartbreaking news from West Papua: Nepina aged 6 and Fernando 12 victims of Indonesian military violence in Intan Jaya. Perpetrators identified as TNI Kostrad 509 associated with Prabowo. #StopWestPapuaGenocide #FreeWestPapua https://t.co/mY1LNtSAqa","1777696288647139349","https://pbs.twimg.com/ext_tw_video_thumb/1777696265091895296/pu/img/PrCE5dzhYl0430Ic.jpg","","en","Den Haag, Nederland","2","7","23","https://twitter.com/FreeWestPapuaNL/status/1777696288647139349","747769303735410688","FreeWestPapuaNL"
"1777093188131643653","Sun Apr 07 22:48:02 +0000 2024","0","@NonaShinobu OMGG ITS SO PRABOWO GIBRAN 02 CODED! OKE GAS OKE GAS! https://t.co/TQHS0DqC1r","1777106085595476044","https://pbs.twimg.com/ext_tw_video_thumb/1747080675772309504/pu/img/bcQp8ipCS2lmfGnx.jpg","NonaShinobu","en","Indonesia","0","1","0","https://twitter.com/DubuBoyfie/status/1777106085595476044","1131162790041751552","DubuBoyfie"
"1778004724190777418","Wed Apr 10 10:18:54 +0000 2024","982","Kajian Politik Merah Putih: China Diduga Merekayasa Kecurangan Kemenangan Prabowo-Gibran https://t.co/HkobxpwC43 lewat @Keuangan News","1778004724190777418","","","in","","15","37","561","https://twitter.com/keuangannews_id/status/1778004724190777418","1226436091617505281","keuangannews_id"
"1776661110634197247","Sat Apr 06 17:19:52 +0000 2024","0"," @prabowo ; shame!! https://t.co/c8mJ4vu4Jx","1776661110634197247","","","en","","0","0","0","https://twitter.com/D54013Lenny/status/1776661110634197247","1700746400923869184","D54013Lenny"
"1777693895817871516","Tue Apr 09 13:43:47 +0000 2024","1032","Confirmed üáÆüá©üáØüá¥üáµüá∏: Indonesian MoD @Kemhan_RI stated that today @_TNIAU's C-130J dropped 3.2 tonnes of humanitarian aid over Gaza with the support from @ArmedForcesJO The airdrop request was conveyed by @jokowi to @KingAbdullahII via @prabowo on March 12 üáÆüá© MoD https://t.co/VEvQ0cRMAY","1777693895817871516","https://pbs.twimg.com/media/GKui_5rbMAAiClU.jpg","","en","Jakarta Capital Region","48","12","319","https://twitter.com/Jatosint/status/1777693895817871516","1123556466273570816","Jatosint"
"1778354271181996317","Thu Apr 11 09:27:53 +0000 2024","12331","Di Geneva vila-vila mewah milih Hashim Djojohadikusumo (Prabowo's brother) &amp; istrinya dijual oleh otoritas pajak setempat karena nunggak pajak bertahun-tahun. Kalian kesulitan punya rumah di negeri sendiri sementara keluarga politisi yg kalian bela punya aset di luar negeri ","1778354271181996317","","","in","","213","99","4853","https://twitter.com/cinnamongirlc/status/1778354271181996317","58184629","cinnamongirlc"
"1777692484472324183","Tue Apr 09 13:38:10 +0000 2024","1","What for Why not go straight to Gaza sir @prabowo ??","1777692484472324183","","","en","","0","1","2","https://twitter.com/AjoAriSikumbang/status/1777692484472324183","1355328514975703045","AjoAriSikumbang"
"1776608652478300335","Sat Apr 06 13:51:25 +0000 2024","0"," PKB belum punya pengalaman di luar pemerintahan jadi kita lihat ucap Waketum Jazilul Fawaid https://t.co/UTcw8GmGVz","1776608652478300335","","","in","Jakarta, Indonesia","1","1","1","https://twitter.com/republikaonline/status/1776608652478300335","22126902","republikaonline"
"1779094496908865956","Sat Apr 13 10:29:16 +0000 2024","1","Dear @prabowo @gibran_tweet @aniesbaswedan @cakimiNOW @ganjarpranowo @mohmahfudmd https://t.co/CVwceh59ex","1779094496908865956","https://pbs.twimg.com/media/GLCdAfeboAAfeER.jpg","","en","DKI Jakarta, Indonesia","0","0","0","https://twitter.com/The_Piroen/status/1779094496908865956","722786253138055170","The_Piroen"
"1777339535942119617","Mon Apr 08 14:15:41 +0000 2024","35","Turkish President Recep Tayyip Erdogan congratulates Indonesian President-elect Prabowo Subianto on his victory discussing bilateral relations and global developments in phone call https://t.co/WVEgpfHmKq","1777339535942119617","https://pbs.twimg.com/media/GKpg0P0WgAAZnyx.jpg","","en","","0","1","1","https://twitter.com/trtworld/status/1777339535942119617","3091150576","trtworld"
"1778408178939748406","Thu Apr 11 13:02:05 +0000 2024","0","Capres terpilih Prabowo Subianto tersenyum ditanya soal pertemuan dengan Megawati https://t.co/nJFIOT89wv","1778408178939748406","","","in","Jakarta, Indonesia","0","0","1","https://twitter.com/republikaonline/status/1778408178939748406","22126902","republikaonline"
"1778418707972374870","Thu Apr 11 13:43:56 +0000 2024","101","This is big a Jokowi parting gift before Prabowo comes in October?","1778418707972374870","","","en","Singapore","0","3","13","https://twitter.com/Gokul_Sahni/status/1778418707972374870","3236505228","Gokul_Sahni"
"1777824629878595828","Wed Apr 10 01:57:56 +0000 2024","9","@OposisiCerdas Prabowo jd presiden gak ada masalah yg bermasalah itu wakilnya dan bapaknya samsul. Presiden sudah pernah mengingatkan. https://t.co/zxabQL7VBs","1777878650974847346","https://pbs.twimg.com/ext_tw_video_thumb/1777878620444528640/pu/img/-5bvcs1Qsi6VV0hQ.jpg","OposisiCerdas","in","","0","2","2","https://twitter.com/Sandal_jepit77/status/1777878650974847346","1472743486134775809","Sandal_jepit77"
"1778010096955777394","Wed Apr 10 10:40:15 +0000 2024","0","Ketua TKN Prabowo Temui Megawati Sebatas Silaturahmi? https://t.co/nOSWEEWi9m","1778010096955777394","","","in","","0","0","0","https://twitter.com/IDNTimes/status/1778010096955777394","388190238","IDNTimes"
"1778053872503959844","Wed Apr 10 13:34:12 +0000 2024","0","Isu Jokowi-Prabowo Renggang Menkominfo : Jangan Adu Domba! https://t.co/ZptAi66djY","1778053872503959844","","","in","","0","0","0","https://twitter.com/IDNTimes/status/1778053872503959844","388190238","IDNTimes"
"1779313948841673065","Sun Apr 14 01:01:18 +0000 2024","0","Lebaran nggae Kemeja biru muda ditukokno emakku Wedi banget presepsi orang lain terhadapku adalah aku seorang pendukung Prabowo","1779313948841673065","","","in","","0","1","0","https://twitter.com/iqblkun/status/1779313948841673065","1131415509218414592","iqblkun"
"1778333815674667102","Thu Apr 11 08:06:36 +0000 2024","0","Sandiaga Sowan ke Rumah Prabowo Gerindra Ungkap Semangat Rekonsiliasi https://t.co/9ks3ySCVjt","1778333815674667102","","","in","","0","0","0","https://twitter.com/IDNTimes/status/1778333815674667102","388190238","IDNTimes"
"1778069723781255321","Wed Apr 10 14:37:11 +0000 2024","0","Sandiaga Sambangi Rumah Prabowo Malam-Malam Bahas Koalisi? https://t.co/iwsyqvesqV","1778069723781255321","","","in","","0","0","0","https://twitter.com/IDNTimes/status/1778069723781255321","388190238","IDNTimes"
"1777961289748271301","Wed Apr 10 07:26:19 +0000 2024","0","Prabowo dan Menteri Lainnya Lebaran ke Rumah Wapres Ma'ruf Amin https://t.co/riXPXWvZzy","1777961289748271301","","","in","","0","0","0","https://twitter.com/IDNTimes/status/1777961289748271301","388190238","IDNTimes"
"1777920762579669482","Wed Apr 10 04:45:16 +0000 2024","0","Ketua Tim Kampanye Prabowo Temui Megawati Cuma 5 Menit https://t.co/3tqwHMKd9u","1777920762579669482","","","in","","0","0","0","https://twitter.com/IDNTimes/status/1777920762579669482","388190238","IDNTimes"
"1778001772336046227","Wed Apr 10 10:07:10 +0000 2024","0","Prabowo dan Sejumlah Tokoh Berkumpul di Kertanegara https://t.co/pu0aeRd2oC","1778001772336046227","","","in","","0","0","0","https://twitter.com/IDNTimes/status/1778001772336046227","388190238","IDNTimes"
"1779086923056972132","Sat Apr 13 09:59:10 +0000 2024","1","someone said Prabowo Subianto: Origin https://t.co/YHaBqUeiF3","1779086923056972132","https://pbs.twimg.com/tweet_video_thumb/GLCWHfqboAATPd4.jpg","","en","","0","0","0","https://twitter.com/ebikachu/status/1779086923056972132","1466903988","ebikachu"
"1778066056034353606","Wed Apr 10 14:22:37 +0000 2024","0","Bamsoet: Ketua TPN Ganjar-Mahfud akan Sowan ke Prabowo Besok https://t.co/huJTr9SsAo","1778066056034353606","","","in","","0","0","0","https://twitter.com/IDNTimes/status/1778066056034353606","388190238","IDNTimes"
"1776304873329344514","Fri Apr 05 17:44:18 +0000 2024","24","üáÆüá©üá®üá≥üáØüáµ Southeast Asia continues to balance between two poles in the confrontation between China and the United States which is clearly seen in the example of Indonesia. This week the newly elected President Prabowo Subianto @prabowo visited China and Japan. For the ","1776304873329344514","","","en","Moscow","0","1","4","https://twitter.com/rybar_force/status/1776304873329344514","1667927779885608965","rybar_force"
"1778597545817866515","Fri Apr 12 01:34:34 +0000 2024","0","Prabowo Datangi Rumah Ketum PAN Zulhas: Soal Lebaran dan Persahabatan https://t.co/mxXd8NBBTp","1778597545817866515","","","in","","0","0","0","https://twitter.com/IDNTimes/status/1778597545817866515","388190238","IDNTimes"
"1778455612046848305","Thu Apr 11 16:10:34 +0000 2024","0","2 Jam di Kediaman Airlangga Prabowo: Sahabat Baik Bertemu Pasti Lama https://t.co/kBoA2JJSMZ","1778455612046848305","","","in","","0","0","0","https://twitter.com/IDNTimes/status/1778455612046848305","388190238","IDNTimes"
"1779309154307600491","Sun Apr 14 00:42:15 +0000 2024","0","Anak muda dominan menangkan Prabowo Gibran bukan Bansos ! https://t.co/2EJhobdNMH","1779309154307600491","https://pbs.twimg.com/media/GLFgPnNaIAIgdwl.jpg","","in","Kuta Alam, Indonesia","0","0","0","https://twitter.com/Suara_Rakyati/status/1779309154307600491","1697437723769073664","Suara_Rakyati"
"1778233490905128987","Thu Apr 11 08:37:47 +0000 2024","57","@NoviBudi78 @prabowo @aniesbaswedan @ganjarpranowo Kayaknya loe perlu banyak membaca utk meningkatkan IQ yg cuma 78 https://t.co/OToFnHi3J1","1778341665255874756","","NoviBudi78","in","Negeri Para Bedebah ","0","5","4","https://twitter.com/Mayapada0812/status/1778341665255874756","1614475470195806211","Mayapada0812"
"1779313546876338522","Sun Apr 14 00:59:42 +0000 2024","0","King Abdullah II Jordan / Hashemite Jordanian and Prabowo Subianto Djojohadikusumo [both] are a traitor for each region. For Middle East and Southeast Asia https://t.co/4ilYSV4T2C","1779313546876338522","https://pbs.twimg.com/media/GLFkAiKaEAAQPHB.png","","en","ÿßŸÑŸàŸÑÿßŸäÿßÿ™ ÿßŸÑŸÖÿ™ÿ≠ÿØÿ©","0","0","0","https://twitter.com/mynameprada/status/1779313546876338522","1152110797293670401","mynameprada"
"1776617818286334162","Sat Apr 06 14:27:50 +0000 2024","1","Social Assistance Action Causes Prabowo-Gibran s Votes to Increase by 26.6 Million. https://t.co/ccTsF8W6zc https://t.co/NG75p10Nv6","1776617818286334162","https://pbs.twimg.com/media/GKfQfR0bIAAE8FL.jpg","","en","","0","0","1","https://twitter.com/Simanjunta9Nico/status/1776617818286334162","1460142601449840652","Simanjunta9Nico"
"1779299754708718026","Sun Apr 14 00:04:53 +0000 2024","0","STOP RUNNING FROM YOU RESPONSIBILITY MORTAL CHILL DAD IF YOU'RE ANGRY I'LL SUMMON YAUMUL KIAMAH @KremlinRussia_E #cc @corbuzier @elonmusk @prabowo","1779299754708718026","","","en","semarang,Indonesia (SEA)","0","0","0","https://twitter.com/_synntherealla/status/1779299754708718026","98811380","_synntherealla"
"1776203576093901111","Sat Apr 06 05:05:28 +0000 2024","34","@BillyL3illie Wkwkkw masa bikin tagar gitu doank dikategorikan TEROR Gimana jd pendukung Prabowo lu? Sampe kubu kalian niat banget nyumpahin Prabowo mati Untung kubu Prabowo BERKELAS. @aniesbaswedan cukup #USIRANIES","1776476295851094506","","BillyL3illie","in","","0","12","2","https://twitter.com/Chavesz08/status/1776476295851094506","1523245126784413696","Chavesz08"
"1776949384141496337","Sun Apr 07 15:08:46 +0000 2024","2","@Miduk17 Posisi duduk nya malah sama dengan kucing. Duh...Bran..Gibran kamu itu dianggap Wapres atau apa sih? Bisa jadi nti memang putusan MK yg dianulir Wapres nya. Prabowo tetap sah sebagai Presiden.","1776990506096132192","","Miduk17","in","","0","14","0","https://twitter.com/Indonesiaguyub/status/1776990506096132192","268687443","Indonesiaguyub"
"1776139551150375273","Sat Apr 06 06:03:23 +0000 2024","0","@yaniarsim @prabowo https://t.co/0b1gJDmyLf","1776490870470214070","","yaniarsim","qme","Alam bawah sadar","0","0","0","https://twitter.com/UncleJuu/status/1776490870470214070","1041119816604504065","UncleJuu"
"1777194162225365145","Mon Apr 08 04:38:01 +0000 2024","13","Indonesian delegation visits India to learn best practices in mid-day meal scheme &amp; digital inclusion. Team undertook an extensive study visit despite Ramadan. President elect Prabowo assured mid day meal scheme in his poll manifesto My report https://t.co/3zD8d3FmgX https://t.co/Fay8p5IbGq","1777194162225365145","https://pbs.twimg.com/media/GKncqjEWUAAHhf6.jpg","","en","New Delhi, India","0","0","4","https://twitter.com/DipanjanET/status/1777194162225365145","1924117148","DipanjanET"
"1778448828599021981","Thu Apr 11 15:43:37 +0000 2024","0","Prabowo and Jokowi: Are They the Same? https://t.co/K5H2yc19z5 https://t.co/4sdnrt6lzn","1778448828599021981","https://pbs.twimg.com/media/GK5RxFNbEAAwShe.jpg","","en","","0","0","0","https://twitter.com/Simanjunta9Nico/status/1778448828599021981","1460142601449840652","Simanjunta9Nico"
"1776129545583878344","Fri Apr 05 06:07:37 +0000 2024","487","MARWAN BATUBARA MENYEBUT BAHWA PRABOWO TIDAK LAYAK MENGKLAIM KEMENANGAN.. KARENA DIRAIH DENGAN BERBAGAI KECURANGAN YANG DIPIMPIN OLEH PENGKHIANAT NEGARA YAITU JOKOWI....‚ÄºÔ∏è #BongkarNepotismeJokowi #BongkarNepotismeJokowi üÜòüÜó https://t.co/6cQoFafVd3","1776129545583878344","https://pbs.twimg.com/ext_tw_video_thumb/1776129501166174208/pu/img/dWTZIMm3G8fAJsIy.jpg","","in","","2","31","189","https://twitter.com/secr3thm4nz56/status/1776129545583878344","1412374538722058244","secr3thm4nz56"
"1776049380635897891","Fri Apr 05 00:49:04 +0000 2024","33","Tanggal 1 april 2024 jongos disuruh ke china menghadap majikan raja jin padahal MK belum memutuskan siapa pemenang pilpres.Kenapa jokowi dan prabowo pede karena kecurangan pilpres 2024 diseting dari jauh hari dan wajib menang..Si jin dan pkc yg memback up Translate donk https://t.co/mZrkPLcBFE","1776049380635897891","https://pbs.twimg.com/ext_tw_video_thumb/1776049044881883136/pu/img/Sx4CFneSsCoYbnaG.jpg","","in","","2","3","19","https://twitter.com/ABjodohComeback/status/1776049380635897891","1717201992567939072","ABjodohComeback"
"1776139551150375273","Fri Apr 05 06:47:22 +0000 2024","1879","Sejak kunjungan @prabowo ke China Orang China mulai berdatangan ke Indonesia. Oke gass....oke gass https://t.co/HdB1YX1e5K","1776139551150375273","https://pbs.twimg.com/ext_tw_video_thumb/1776139497031573504/pu/img/Slri3igK_ljCVvIR.jpg","","in","Indonesia","97","208","1180","https://twitter.com/yaniarsim/status/1776139551150375273","929287558281830400","yaniarsim"
"1776047724032631228","Fri Apr 05 00:42:29 +0000 2024","94","Berharap mndapatkan sesuatu sah - sah aja ya ? Margarito: Pendaftaran Gibran berlandaskan pada putusan Mahkamah Konstitusi (MK) Nomor 90. Kenapa Ribut Setelah Kalah? Margarito berpendapat bahwa MK tidak bisa mendiskualifikasi Prabowo-Gibran. https://t.co/FwXFxPvwBd","1776047724032631228","https://pbs.twimg.com/media/GKXFX-qbUAAG42G.jpg","","in","Cilalung _ JaBar üëâ üáÆüá©","12","118","30","https://twitter.com/RCjpcpSnfBLLX9b/status/1776047724032631228","1429770675116408837","RCjpcpSnfBLLX9b"
"1776128413985636535","Fri Apr 05 06:03:07 +0000 2024","258","'Prabowo-Gibran Berpeluang Gagal Dilantik Kok Sudah Euforia...?' https://t.co/G6wxK3J0Ud","1776128413985636535","","","in","","6","26","113","https://twitter.com/A_QuinnaNew2209/status/1776128413985636535","1278971270663561217","A_QuinnaNew2209"
"1776080632164282568","Fri Apr 05 02:53:15 +0000 2024","216","Diskualifikasi Prabowo-Gibran Bukan PHP https://t.co/7lSxL41gOn","1776080632164282568","","","in","","1","9","104","https://twitter.com/OposisiCerdas/status/1776080632164282568","887743587579944960","OposisiCerdas"
"1776024898789638188","Thu Apr 04 23:11:47 +0000 2024","23","SBY &amp; Prabowo lulusan Akmil yang jadi Presiden AHY selanjutnya? Gimana tanggapan kalian lur? tulis di kolom komentar ya! #prabowo #sby #AHY #akmil https://t.co/XHX01h3GmM","1776024898789638188","https://pbs.twimg.com/ext_tw_video_thumb/1776024878178824192/pu/img/HRPVkOzmrtTD3lFa.jpg","","in","","1","14","10","https://twitter.com/TajukPolitik/status/1776024898789638188","729309555486642176","TajukPolitik"
"1776139645006356780","Fri Apr 05 06:47:45 +0000 2024","12","Pak @prabowo Yang syabar syabar ya karena keikhlasan bapak rakyat memilih dan menginginkan bapak jadi pemimpin NKRIüáÆüá© https://t.co/rPDS7uzOho","1776139645006356780","https://pbs.twimg.com/ext_tw_video_thumb/1776139561049219072/pu/img/0mje4f1jOKKE4KFK.jpg","","in","Medan Polonia, Indonesia","0","8","6","https://twitter.com/Capres_OmonOmon/status/1776139645006356780","1630585706581204993","Capres_OmonOmon"
"1776059388916293724","Fri Apr 05 01:28:50 +0000 2024","883","Ada tiga tuntutan Bukber Kebangsaan 5 April 2024 hari ini: 1. Mendesak pemakzulan Jokowi. 2. Diskualifikasi 02. 3. Mendesak MK kembali ke khitah. Bukber Kebangsaan di Yogyakarta Minta MK Berani Diskualifikasi Prabowo-Gibran https://t.co/XjD5yB8501 #BongkarNepotismeJokowi","1776059388916293724","","","in","","6","36","470","https://twitter.com/MichelAdam7__/status/1776059388916293724","1647311678160384007","MichelAdam7__"
"1776135083885547772","Fri Apr 05 06:29:37 +0000 2024","502","GURU BESAR IPDN SEBUT DUKUNGAN PRESIDEN JOKOWI DONGKRAK SUARA PRABOWO-GIBRAN... PARA PJ DENGAN SEGALA CARA DILAKUKAN UNTUK MEMENANGKAN 02 AGAR KARIR BIROKRASINYA AMAN....‚ÄºÔ∏è #BongkarNepotismeJokowi #BongkarNepotismeJokowi üÜòüÜó https://t.co/988eZnltNk","1776135083885547772","https://pbs.twimg.com/ext_tw_video_thumb/1776135033239359488/pu/img/caofzdGTaT_7V8Av.jpg","","in","","10","6","325","https://twitter.com/secr3thm4nz56/status/1776135083885547772","1412374538722058244","secr3thm4nz56"
"1776032589859709272","Thu Apr 04 23:42:21 +0000 2024","55","Lagu OKE GAS milik Richard Jersey yg kemudian menjadi lagu resmi kampanye Prabowo-Gibran ini emang membuat semua orang yg mendengarnya otomatis bergoyang Emang seenak itu! Dari orang besar sampai anak2 kecil bahkan bayi2 juga sangat menikmatinya https://t.co/xIZHnqt0cp","1776032589859709272","https://pbs.twimg.com/ext_tw_video_thumb/1776032520490151936/pu/img/kmC43fwLWIKrdFUb.jpg","","in","","0","8","20","https://twitter.com/proclaro_lover/status/1776032589859709272","1214530025732444160","proclaro_lover"
"1776061180949541353","Fri Apr 05 01:35:57 +0000 2024","396","Tergugat 1: Jokowi Anwar Usman Gibran Bobby Prabowo KPU. 12 Januari 2024: Jokowi Istri Gibran Paman hingga KPU dan MK Dilaporkan ke PTUN atas Dugaan Nepotisme https://t.co/e3AG1IBzZp #BongkarNepotismeJokowi #BongkarNepotismeJokowi","1776061180949541353","","","in","","7","18","188","https://twitter.com/MichelAdam7__/status/1776061180949541353","1647311678160384007","MichelAdam7__"
"1775960372366954794","Fri Apr 05 02:01:21 +0000 2024","15","@Tan_Mar3M Setelah melihat sidang MK yg begitu terang benderang saya yakin semua gugatan di tolak Prabowo Gibran yg di pilih 96juta lebih mayoritas rakyat (58%) akan tetap di lantik..","1776067570535395425","","Tan_Mar3M","in","","0","2","0","https://twitter.com/maryanti_oemar/status/1776067570535395425","1500020200380403715","maryanti_oemar"
"1776115173893509567","Fri Apr 05 05:10:30 +0000 2024","1","SAUT ARITONANG PROTESTS THE ATTITUDE OF THE REPUBLIC OF INDONESIA (PRESIDENTIAL CANDIDATE PRABOWO) IN CHINA WHO MEETS XI JINGPING When I was going to establish a labor union in the company I had to face the head of company security who was accompanied by.......... https://t.co/0Z2UHKXLoU","1776115173893509567","https://pbs.twimg.com/media/GKYHVVpacAAjnsT.jpg","","en","Indonesia ","1","1","0","https://twitter.com/TuasTonang/status/1776115173893509567","1613399265564581889","TuasTonang"
"1776134423534288911","Fri Apr 05 06:27:00 +0000 2024","9","Dua orang pengacara sempat diusir Ketua MK Suhartoyo saat sidang lanjutan sengketa Pilpres Kamis (4/4/2024). Keduanya adalah anggota Tim Hukum Anies-Muhaimin Bambang Widjojanto dan anggota Tim Pembela Prabowo-Gibran Fachri Bachmid. (ist) https://t.co/rSeQh1qHZ5","1776134423534288911","https://pbs.twimg.com/ext_tw_video_thumb/1776106021083283456/pu/img/GwCcSNos-dzZHswR.jpg","","in","Indonesia","0","8","3","https://twitter.com/tribunnews/status/1776134423534288911","124171593","tribunnews"
"1776092701236289818","Fri Apr 05 03:41:12 +0000 2024","43","Partai Gerindra memberikan bantuan utk korban banjir bandang di Pesisir Selatan. Ribuan paket Sembako dibagikan utk para korban banjir Kecamatan Koto XI Tarusan Sumatera Barat Begitu mulia hati Ketum Gerindra Pak @prabowo di provinsi yg beliau kalah tetap memberikan bantuan https://t.co/WUXy6WqAZK","1776092701236289818","https://pbs.twimg.com/media/GKXwWfnaAAE4xwr.png","","in","","4","11","12","https://twitter.com/tham878/status/1776092701236289818","1759100655783043072","tham878"
"1776130224360739073","Fri Apr 05 06:10:19 +0000 2024","103","Berandai andai boleh? Jika nanti keputusannya prabowo tetap menang tapi gibran dianulir gak bisa jd wapres gmn? Saya kira ini keputusan yg paling aman buat keselamatan bangsa. Saya yakin 01 02&amp;03 setuju.","1776130224360739073","","","in","Bumi","1","34","17","https://twitter.com/pakaipeci/status/1776130224360739073","99926414","pakaipeci"
"1776078097747759209","Fri Apr 05 04:43:21 +0000 2024","17","@tempodotco Maksudnya yg sperti ini????? Pake duit negara Bawa2 nama jokowi Dan logonya 02 gambarnya prabowo gibran??? Luaarr biasaaa https://t.co/uyYYV0LXKf","1776108339749077427","https://pbs.twimg.com/ext_tw_video_thumb/1776108318714720256/pu/img/H1S5LRKSxjZ41Kxd.jpg","tempodotco","in","","1","1","4","https://twitter.com/Mutiara_timur07/status/1776108339749077427","1175729706903097344","Mutiara_timur07"
"1775888066047348910","Fri Apr 05 06:17:11 +0000 2024","51","@achehsultanate @prabowo Ya mau gimana lagi https://t.co/YeCaDAMmGy","1776131953898692832","https://pbs.twimg.com/media/GKYWmV6bkAAlfcJ.jpg","achehsultanate","in","Indonesia","0","1","3","https://twitter.com/RafifNaufalB/status/1776131953898692832","976227419119017984","RafifNaufalB"
"1776111869402738702","Fri Apr 05 04:57:22 +0000 2024","42","Beberapa hari nyimak sidang gugatan pilpres di MK nampak sekali 01 &amp; 03 memaksakan supaya Prabowo-Gibran tdk di Lantik dan pemilu ulang tanpa mereka. Aku mencium aroma pesanan asing yg saat ini dendam sekali dg Jokowi Krn kebijakan hilirisasi. RI berdaulat dg Lantik 02!","1776111869402738702","","","in","","3","9","16","https://twitter.com/mas_veel/status/1776111869402738702","1709123175450288128","mas_veel"
"1776125082886353325","Fri Apr 05 05:49:53 +0000 2024","8","Sarangheyo Paslon 02 @prabowo @gibran_tweet Ok Gas... ok Gas... https://t.co/2b79K2bsgC","1776125082886353325","https://pbs.twimg.com/media/GKYQWYXbMAAnJxO.jpg","","ht","Kota Surabaya, Jawa Timur","0","0","6","https://twitter.com/Vr1_Gim/status/1776125082886353325","177891550","Vr1_Gim"
"1776105228183687414","Fri Apr 05 04:30:59 +0000 2024","26","Bawaslu 'Ngeluh' Sulit Buktikan Pelanggaran Kedekatan Jokowi-Prabowo https://t.co/B72qR0zGeJ","1776105228183687414","","","in","","0","1","23","https://twitter.com/OposisiCerdas/status/1776105228183687414","887743587579944960","OposisiCerdas"
"1776035946477355176","Thu Apr 04 23:55:41 +0000 2024","0","Astaga @prabowo @ListyoSigitP @Puspen_TNI @DivHumas_Polri @RandomWorldWar @jokowi","1776035946477355176","","","en","Jakarta selatan","0","0","0","https://twitter.com/azhelsiuuu7/status/1776035946477355176","4184135277","azhelsiuuu7"
"1775715766438154339","Fri Apr 05 04:23:40 +0000 2024","0","@BANGSAygSUJUD @prabowo @gibran_tweet @pikaso_me screenshot this","1776103386863325302","","BANGSAygSUJUD","en","Surabaya_Jatim_INDONESIA üáÆüá©","0","1","0","https://twitter.com/AbankTho2/status/1776103386863325302","1542533047865966593","AbankTho2"
"1775944107204235714","Thu Apr 04 19:34:36 +0000 2024","912","@convomfs ikut grup pelengseran prabowo gibran jadi teroris kah ","1775970241186873678","","convomfs","in","4 owner","1","2","2","https://twitter.com/lesmbaran/status/1775970241186873678","1496088442903883777","lesmbaran"
"1776093027876163695","Fri Apr 05 03:42:30 +0000 2024","45","Eddy Hiariej Jadi Saksi Prabowo-Gibran di MK ICW Pertanyakan Sikap KPK https://t.co/YJTvAW33O3","1776093027876163695","","","in","","0","0","28","https://twitter.com/OposisiCerdas/status/1776093027876163695","887743587579944960","OposisiCerdas"
"1776066489449365760","Fri Apr 05 01:57:03 +0000 2024","16","Dari gugatan MK tersirat klo yg mereka permasalahkan itu approval rating Pak Jokowi yg bikin mereka kalah jadi Gibran dan Pak Prabowo gabole ikut pilpres gara¬≤ dianggap memperoleh keuntungan dari approval rating tersebut. https://t.co/FCUZ8RWKb1","1776066489449365760","https://pbs.twimg.com/media/GKXbD2EbMAAybgV.jpg","","in","","0","2","2","https://twitter.com/tjitrosoenarjo1/status/1776066489449365760","1589823392022032384","tjitrosoenarjo1"
"1775860497524654403","Fri Apr 05 02:30:08 +0000 2024","0","@sesar_arief Prabowo yes Gibran no","1776074815771902302","","sesar_arief","en","","0","1","0","https://twitter.com/Bambangmulyonoo/status/1776074815771902302","1296312516901916672","Bambangmulyonoo"
"1776080292345974924","Fri Apr 05 02:51:54 +0000 2024","35"," Perang Mulut Ahli dari Kubu Prabowo Lawan THN AMIN Dalam Sidang Sengketa Hasil Pilpres 2024 di MK https://t.co/sJVoU7YmlX","1776080292345974924","","","in","-6.252543,106.806343","0","0","5","https://twitter.com/alisyarief/status/1776080292345974924","30201110","alisyarief"
"1774216561274101870","Fri Apr 05 02:28:26 +0000 2024","0","@xquitavee @prabowo Tolol","1776074385419583795","","xquitavee","en","Tigaraksa, Indonesia","0","0","0","https://twitter.com/reksah15/status/1776074385419583795","1228613042427924480","reksah15"
"1776128782027620580","Fri Apr 05 06:04:35 +0000 2024","80","Mensos Tri Rismaharini hadir dalam sidang PHPU di Gedung Mahkamah Konstitusi Jakarta Jumat (5/4/2024). Risma adalah satu dari empat menteri yang dipanggil untuk memberikan keterangan terkait tudingan program bansos yang dipakai untuk memenangkan paslon nomor urut 2 Prabowo https://t.co/JDidW1CsiW","1776128782027620580","https://pbs.twimg.com/amplify_video_thumb/1776128551139635200/img/uVcQjxuCpuXBeZnx.jpg","","in","","1","6","22","https://twitter.com/NarasiNewsroom/status/1776128782027620580","1158355819512991747","NarasiNewsroom"
"1776110727528599932","Fri Apr 05 04:52:50 +0000 2024","6","Kalau dulu yg benci dan menghujat prabowo di sebut apa dul pak?","1776110727528599932","","","in","Bruno, Indonesia","1","3","1","https://twitter.com/JaenoXTM/status/1776110727528599932","1333960134452625410","JaenoXTM"
"1776016571452076389","Thu Apr 04 22:38:42 +0000 2024","16","Pak Prabowo bermula awal. Sudah ke China &amp; Japan. Skrg di Malaysia. Bukan sekadar pertahanan. Malaysia perlukan kerjasama ekonomi yg lebih erat dgn Indonesia yg bakal menjadi ekonomi besar dunia. https://t.co/zUR7jiSpqC","1776016571452076389","https://pbs.twimg.com/media/GKWtqEFa8AApEux.jpg","","in","Petaling, Selangor","0","1","10","https://twitter.com/nungsari/status/1776016571452076389","411269631","nungsari"
"1775261199250387380","Fri Apr 05 02:47:58 +0000 2024","1","@NZLOKeDah @Ja99ung_Manies @Uki23 @prabowo @Gerindra @ganjarpranowo @PDI_Perjuangan Ok gas... Ok gas... Ok gas. ","1776079301529743539","","NZLOKeDah","nl","","0","0","0","https://twitter.com/Yonggan_2nd/status/1776079301529743539","1474276747302477826","Yonggan_2nd"
"1776097431123537953","Fri Apr 05 04:00:00 +0000 2024","33","'Prabowo-Gibran Berpeluang Gagal Dilantik Kok Sudah Euforia?' https://t.co/GHxJzUxxex","1776097431123537953","","","in","Indonesia","0","2","11","https://twitter.com/democrazymedia/status/1776097431123537953","1243804423001763841","democrazymedia"
"1775996403803938855","Thu Apr 04 21:18:33 +0000 2024","0","Unaligned &amp;#8211; or undecided? Prabowo China and US - https://t.co/APf3TghlFj","1775996403803938855","","","en","Melbourne, Victoria, Australia","0","0","0","https://twitter.com/DavidGr9168476/status/1775996403803938855","1651142300788195328","DavidGr9168476"
"1775740027940573194","Fri Apr 05 04:23:26 +0000 2024","0","@saleha_yahya @tokmatn9 @prabowo Very statesmanlike.","1776103327165718807","","saleha_yahya","en","","0","0","0","https://twitter.com/Sylvest80855805/status/1776103327165718807","995450725122490368","Sylvest80855805"
"1776117947016368499","Fri Apr 05 05:21:31 +0000 2024","0","Prabowo biggest glazers","1776117947016368499","","","en","","0","0","0","https://twitter.com/Hexadominia/status/1776117947016368499","991386809878827008","Hexadominia"
"1776135978224148874","Fri Apr 05 06:33:10 +0000 2024","0","Japan will deepen security ties with Indonesia Prime Minister Fumio Kishida told president-elect Prabowo Subianto on Wednesday on the ex-general s second stop after Beijing as he visits Asian neighbors. https://t.co/1jskiZRKNn","1776135978224148874","","","en","","0","0","0","https://twitter.com/Urmila96963359/status/1776135978224148874","1557589326397325312","Urmila96963359"
